0.010822510822510822, 0.01391513496748981, 0.4774632707845735
0.025974025974025976, 0.007323200258794286, 0.48856236935400643
0.04112554112554113, 0.003719125771098659, 0.49499346085911144
0.05627705627705628, 0.0018462912003664469, 0.4984544692800721
0.07142857142857142, 9.051547599682844E-4, 0.5002251190191488
0.08658008658008658, 4.4067449913418787E-4, 0.5011057017407151
0.10173160173160173, 2.1324574916006307E-4, 0.501541212317269
0.11688311688311688, 1.0305577487300137E-4, 0.5017526044177356
0.13203463203463203, 4.977222808241879E-5, 0.5018549158623733
0.1471861471861472, 2.403076443252834E-5, 0.5019043640330175
0.16233766233766234, 1.1600672075050381E-5, 0.501928246608539
0.1774891774891775, 5.599732223012068E-6, 0.5019397776742557
0.19264069264069264, 2.702937481956351E-6, 0.5019453442591213
0.2077922077922078, 1.304658803507376E-6, 0.5019480313042083
0.22294372294372294, 6.297285192649702E-7, 0.5019493283192492
0.23809523809523808, 3.039526841729919E-7, 0.5019499543667968
0.2532467532467532, 1.4670788356655185E-7, 0.5019502565469122
0.2683982683982684, 7.080950409953557E-8, 0.5019504024023552
0.28354978354978355, 3.417518498213831E-8, 0.5019504728033062
0.2987012987012987, 1.649269333124528E-8, 0.5019505067841369
0.31385281385281383, 7.957788906752978E-9, 0.5019505231858516
0.329004329004329, 3.838200795337271E-9, 0.5019505311025558
0.34415584415584416, 1.849777233661924E-9, 0.5019505349237537
0.3593073593073593, 8.900142690132994E-10, 0.5019505367681517
0.37445887445887444, 4.267603969569126E-10, 0.501950537658397
0.38961038961038963, 2.031591881324996E-10, 0.5019505380880965
0.40476190476190477, 9.523241474584075E-11, 0.5019505382955017
0.4199134199134199, 4.313883043983977E-11, 0.5019505383956112
0.43506493506493504, 1.7994538839051934E-11, 0.5019505384439316
0.45021645021645024, 5.858004733325742E-12, 0.5019505384672546
0.4653679653679654, 0.0, 0.5019505384890155
0.4805194805194805, 2.403162725870958E-18, 0.7297669691226238
0.49567099567099565, 0.06132783185248527, 0.6154843643890672
0.5108225108225108, 0.0918909627250156, 0.8117090395094996
0.5248917748917749, 0.17527747357775675, 1.0
0.5335497835497836, 0.30935162066546235, 0.7895258781605112
0.538961038961039, 0.3867664586876548, 0.7885488864175092
0.54004329004329, 0.46391829203907137, 0.7869503360377047
0.538961038961039, 0.5406397980930772, 0.7128132597877435
0.5346320346320347, 0.5974037175338294, 0.6024596638291119
0.5292207792207793, 0.6244606190986302, 0.6024596222675714
0.5216450216450217, 0.6515175094751283, 0.6024596460571056
0.512987012987013, 0.6785744062557323, 0.4801909318750384
0.5054112554112554, 0.6727167537067623, 0.32442816154788334
0.5, 0.6249280035590231, 0.24619362029196917
0.49783549783549785, 0.5560786355363799, 0.21627272107464143
0.4989177489177489, 0.47917460757998237, 0.2876807017428584
0.5021645021645021, 0.4214934979142722, 0.5003231953954774
0.5054112554112554, 0.4210554196627201, 0.5515680040120514
0.5086580086580087, 0.43441236487549584, 0.6194358635952567
0.5097402597402597, 0.46603923324144764, 0.555238338543845
0.7088744588744589, 0.48038422685083004, 0.8267742472204004
0.7056277056277056, 0.5678262683900421, 0.788199062277549
0.6991341991341992, 0.6448839296223814, 0.7900291098965111
0.6893939393939394, 0.7224342368519633, 0.7791136950847273
0.6764069264069265, 0.7970461312448791, 0.602459438174656
0.6634199134199135, 0.8241029720638483, 0.6024598266834282
0.6493506493506493, 0.8511599174687798, 0.6024596365171122
0.6341991341991342, 0.8782168116812323, 0.6024597571822364
0.6190476190476191, 0.9052737383765503, 0.6024593291863036
0.6038961038961039, 0.9323305498560229, 0.6024592970111338
0.5887445887445888, 0.9593873526739896, 0.5666698806941466
0.5735930735930735, 0.9768096998037411, 0.5411287335414287
0.5584415584415584, 0.9873564095023165, 0.524329284016573
0.5432900432900433, 0.9933807332921614, 0.31079844489224645
0.5281385281385281, 0.9419228844366199, 0.38514565588871863
0.512987012987013, 0.9104791901440822, 0.2576341491086869
0.4989177489177489, 0.8447095948385507, 0.06345518189318672
0.48917748917748916, 0.7266673209665039, 0.20229593263853754
0.48268398268398266, 0.6460007631141583, 0.21426723191116576
0.47943722943722944, 0.5685568605672514, 0.21566828897878934
0.47943722943722944, 0.4914901204226348, 0.23969486325389674
0.48268398268398266, 0.4208912970258879, 0.40144184138548367
0.4880952380952381, 0.39383451074171, 0.4014415260401195
0.4945887445887446, 0.3667776395670464, 0.40144156852271135
0.5021645021645021, 0.3397207798286309, 0.5003231953954774
0.5097402597402597, 0.33928270157707885, 0.6399457961541828
0.5151515151515151, 0.3764308121632749, 0.7288258847472101
0.5183982683982684, 0.4375053055529731, 0.7729687326983585
0.5183982683982684, 0.5104629855465019, 0.7260356991735841
0.5151515151515151, 0.5707863652820152, 0.5035778815825537
0.5119047619047619, 0.5712244435335674, 0.4559088932322152
0.5097402597402597, 0.5588301036228432, 0.4075783978620052
0.5086580086580087, 0.5334252688800829, 0.4898198409497861
0.5075757575757576, 0.530159703807054, 0.45529491267506045
0.5075757575757576, 0.517600081277051, 0.4640918994416394
0.5075757575757576, 0.5074085940203857, 0.46616448730749643
0.5075757575757576, 0.4977750442214501, 0.4677323309582047
0.5075757575757576, 0.48856355551580005, 0.4729928803653376
0.5075757575757576, 0.4807681985992182, 0.47653830032864836
0.5086580086580087, 0.47392726327001555, 0.512879015780687
0.5097402597402597, 0.47686919250612597, 0.5459608426963569
0.5097402597402597, 0.4887166985384955, 0.5384789837793107
0.5097402597402597, 0.49855009968680325, 0.5376610220630081
0.5097402597402597, 0.5081633068023118, 0.534974552631401
0.5097402597402597, 0.5170533204891453, 0.5309019846009613
0.5086580086580087, 0.5248470051417472, 0.4944814491324328
0.2554112554112554, 0.5228363378036728, 0.17824787579908627
0.25865800865800864, 0.4356960801302604, 0.21541485350776277
0.26515151515151514, 0.35856111554761994, 0.2141493090404188
0.2748917748917749, 0.2810854683457353, 0.26887977097936466
0.28679653679653677, 0.21834317710797205, 0.4014414250946533
0.29978354978354976, 0.19128627875894452, 0.40144142777819686
0.31385281385281383, 0.16422938113232283, 0.4014414295480661
0.32792207792207795, 0.13717248398214718, 0.40144143085667416
0.3430735930735931, 0.11011558718424681, 0.4014414319305555
0.3582251082251082, 0.08305869067543363, 0.40144143292056084
0.37337662337662336, 0.056001794433128346, 0.4175815079482914
0.38852813852813856, 0.0332897815016282, 0.4483718228738939
0.4036796536796537, 0.01886647387198281, 0.4696014620064498
0.41883116883116883, 0.010158152362474887, 0.48369129838127095
0.43398268398268397, 0.005242793079707185, 0.49223858421767036
0.4491341991341991, 0.0026283499648908147, 0.49699898726225655
0.4642857142857143, 0.0012954000095295182, 0.5019505384890154
0.47943722943722944, 0.0012954000095295036, 0.7270323223486624
0.4945887445887446, 0.06188706916706336, 0.6144180342656406
0.5097402597402597, 0.09216314561456004, 0.8010141552006824
0.5238095238095238, 0.17267061010199414, 0.9991386847747021
0.5324675324675324, 0.30651289245912633, 0.7924724105213924
0.5378787878787878, 0.3847209324495589, 0.7888644394986019
0.538961038961039, 0.46195771220384896, 0.7870673343461888
0.5378787878787878, 0.5387107140220968, 0.7205726928416157
0.5335497835497836, 0.5975634608765478, 0.60245978107259
0.5281385281385281, 0.6246203940031121, 0.6024597206310266
0.0, 0.6516773108589007, 2.1031007622397918E-4
0.0, 0.5166096150120858, 0.18598193846218844
0.003246753246753247, 0.43155135508229586, 0.21521934487291203
0.00974025974025974, 0.35436375987661173, 0.2142829532441581
0.01948051948051948, 0.27692408948830544, 0.28512063208849214
0.031385281385281384, 0.21855381301905555, 0.40144171856494815
0.044372294372294376, 0.19149699367177886, 0.4014415986317007
0.05844155844155844, 0.16444014203865698, 0.40144151063131756
0.07251082251082251, 0.13738326671596757, 0.4014414350108791
0.08766233766233766, 0.11032637103637276, 0.40144135981730067
0.10281385281385282, 0.08326945511478258, 0.40144127338484276
0.11796536796536797, 0.056212515925708, 0.41729977817033814
0.1331168831168831, 0.03342466177238684, 0.4481816462595379
0.14826839826839827, 0.018950158891393412, 0.46947213817350775
0.1634199134199134, 0.01020702360546413, 0.4836086283776289
0.17857142857142858, 0.00526940968518631, 0.4921910307683104
0.1937229437229437, 0.0026421652551257067, 0.4969734111077852
0.20887445887445888, 0.0013023302384170261, 0.49947627230988234
0.22402597402597402, 6.362615981080546E-4, 0.5007338640108404
0.23917748917748918, 3.0873470459468155E-4, 0.5013582269584771
0.25432900432900435, 1.4928535386910663E-4, 0.5016638853484033
0.2694805194805195, 7.211877041173269E-5, 0.5018120003607253
0.2846320346320346, 3.482451989033406E-5, 0.5018836280449507
0.29978354978354976, 1.6812331518462504E-5, 0.5019182327876771
0.31493506493506496, 8.115686530909287E-6, 0.5019349430678444
0.3300865800865801, 3.917423198478704E-6, 0.5019430104384544
0.34523809523809523, 1.8908835950492218E-6, 0.5019469047624099
0.36038961038961037, 9.126899957112957E-7, 0.5019487845503904
0.37554112554112556, 4.4053242226288174E-7, 0.5019496918995154
0.3906926406926407, 2.1263183422651585E-7, 0.5019501298596272
0.40584415584415584, 1.0262943296736755E-7, 0.501950341253343
0.420995670995671, 4.953389405844752E-8, 0.5019504432881445
0.43614718614718617, 2.390596640366326E-8, 0.5019504925378873
0.4512987012987013, 1.1535993523806496E-8, 0.5019505163095364
0.46645021645021645, 5.5653119616975795E-9, 0.5520796318076993
0.4816017316017316, 0.013494680191788372, 0.7026594655446731
0.4967532467532468, 0.06752521387861639, 0.6034603602145202
0.5119047619047619, 0.09485150136737804, 0.8230241441099406
0.5248917748917749, 0.18128402093160306, 0.9987975781392094
0.5335497835497836, 0.3150344779084188, 0.7876445253830787
0.538961038961039, 0.3919428586638167, 0.7885488864175092
0.54004329004329, 0.46909469201523335, 0.7871589985728196
0.5378787878787878, 0.5458723697019515, 0.6857673858582263
0.5335497835497836, 0.595355581583377, 0.6024595065883062
0.5281385281385281, 0.6224124408191953, 0.602459728839502
0.5216450216450217, 0.649469359884693, 0.6024596460571056
0.9101731601731602, 0.676526256665297, 0.7891646448005292
0.8993506493506493, 0.7538438512239741, 0.6906617893758732
0.8863636363636364, 0.8046446289855849, 0.6024592937030065
0.8722943722943723, 0.8317014309130087, 0.6024595638969427
0.8582251082251082, 0.8587583055762237, 0.6024596757664327
0.8430735930735931, 0.8858152103545327, 0.6024594965138174
0.827922077922078, 0.9128720668783145, 0.6024594294263705
0.8127705627705628, 0.9399289053422585, 0.5939146975290917
0.7976190476190477, 0.9646855151547246, 0.5591019102189002
0.7824675324675324, 0.9800705763017242, 0.5360758030003165
0.7673160173160173, 0.9892570448898326, 0.5211459082044951
0.7521645021645021, 0.9944244088195683, 0.5121868008177782
0.737012987012987, 0.9971799948550019, 0.5072080209303197
0.7218614718614719, 0.9985953010215982, 0.5045923441838911
0.7067099567099567, 0.9993064710412128, 0.5032598199505648
0.6915584415584416, 0.9996589275918584, 0.5025963203766622
0.6764069264069265, 0.9998327710802708, 0.5022682529264437
0.6612554112554112, 0.9999182993169371, 0.5021061371203156
0.6461038961038961, 0.9999601862285629, 0.5020263870977055
0.6309523809523809, 0.99998060455707, 0.5019875002465497
0.6158008658008658, 0.9999905546052061, 0.5019685475416248
0.6006493506493507, 0.9999954026144, 0.5019593124679662
0.5854978354978355, 0.9999977645560049, 0.5019548130001948
0.5703463203463204, 0.9999989152478233, 0.5019526209103414
0.5551948051948052, 0.9999994758324333, 0.5019515529771812
0.54004329004329, 0.9999997489310833, 0.2740436953822076
0.5248917748917749, 0.9386475781802212, 0.3916661243957496
0.5097402597402597, 0.9089591839557536, 0.2241441764464001
0.49567099567099565, 0.8341741396483008, 0.0074482434607103494
0.48593073593073594, 0.7010548843082952, 0.21590031464474552
0.4805194805194805, 0.6240506051151897, 0.21474805479635237
0.47835497835497837, 0.5467361393475859, 0.21675965336980885
0.47943722943722944, 0.46996319281423815, 0.2679974170129704
0.4837662337662338, 0.40698337324923833, 0.40144147393405033
0.48917748917748916, 0.37992648804770124, 0.4014413563470046
0.49567099567099565, 0.35286957119191265, 0.40144143092092555
0.5043290043290043, 0.3258126744113087, 0.5217327787885896
0.5119047619047619, 0.33113802299737666, 0.6830198761775548
0.5173160173160173, 0.3798816095091979, 0.75770745668606
0.5194805194805194, 0.4487309775318407, 0.7878181349423857
0.5183982683982684, 0.5256860937129124, 0.7166501432029748
0.5151515151515151, 0.5834828962528882, 0.5035778815825537
0.5119047619047619, 0.5839209745044402, 0.45333773825632573
0.5086580086580087, 0.5708344836387149, 0.38413877513921185
0.5075757575757576, 0.5391197386009369, 0.4468227336106876
0.5064935064935064, 0.5242794185302039, 0.42298924008836325
0.5064935064935064, 0.5030231587525356, 0.43159107642014605
0.5064935064935064, 0.4840825000520635, 0.4441760465048054
0.19913419913419914, 0.4685296958933994, 0.21682718320862987
0.20454545454545456, 0.39177492828853683, 0.21392259560953206
0.2132034632034632, 0.3142382501806309, 0.21630660722529388
0.22510822510822512, 0.23734334432373938, 0.4014423340666919
0.23809523809523808, 0.2102866906685831, 0.4014416914556107
0.2510822510822511, 0.1832298640235146, 0.4014414207231626
0.26515151515151514, 0.15617296449768853, 0.40144136160124194
0.2792207792207792, 0.12911604905633264, 0.4014414676917125
0.2943722943722944, 0.10205916217436778, 0.4014416754781611
0.30952380952380953, 0.0750023312281945, 0.4014419168612337
0.3246753246753247, 0.047945565261972155, 0.4283363422817915
0.3398268398268398, 0.028128737149985743, 0.4557354890307244
0.354978354978355, 0.01568771709559534, 0.47460570663561025
0.37012987012987014, 0.008326530524126333, 0.4868186740197031
0.3852813852813853, 0.004253055941070145, 0.4940254781862155
0.4004329004329004, 0.0021196419273435, 0.49794300207000036
0.4155844155844156, 0.001040819302634128, 0.49996901781992614
0.43073593073593075, 5.07396993856153E-4, 0.5009782035016805
0.4458874458874459, 2.456459145256791E-4, 0.5014791027266519
0.461038961038961, 1.1873613421233905E-4, 0.501722507301363
0.47619047619047616, 5.735049010150623E-5, 0.7296453536499637
0.49134199134199136, 0.061352443644867666, 0.61543770641468
0.5064935064935064, 0.09190301426263572, 0.7698438511631529
0.5205627705627706, 0.16401948096519603, 0.9939003193303616
0.5303030303030303, 0.29645160342183774, 0.8055295884821153
0.5357142857142857, 0.3781746155862092, 0.7894104655836672
0.5378787878787878, 0.45555838472067184, 0.7874386019131042
0.5367965367965368, 0.5324113311954695, 0.7384217579751463
0.5324675324675324, 0.5960690188620857, 0.6024596342701852
0.5270562770562771, 0.6231259124696689, 0.6024597052965124
0.5205627705627706, 0.65018282519743, 0.6024598356408962
0.44696969696969696, 0.6772397730136981, 0.013650826621284346
0.4448051948051948, 0.5457902434966493, 0.10504841480282637
0.44696969696969696, 0.43894480379055445, 0.21576290755992086
0.45346320346320346, 0.3619035348220845, 0.2166739690446115
0.46320346320346323, 0.2851075222005117, 0.2582519946906346
0.4751082251082251, 0.2195042499729738, 0.5930268895486981
0.487012987012987, 0.2440218632460444, 0.6024593705634316
0.49783549783549785, 0.2710786858641762, 0.5366015852441075
0.5075757575757576, 0.28040669422160064, 0.6659673318592355
0.5162337662337663, 0.32455976209654236, 0.742915986037082
0.5216450216450217, 0.38942728902770385, 0.7889639035389995
0.5227272727272727, 0.46669084434830366, 0.7867928014487218
0.5205627705627706, 0.5433699423338605, 0.6999390030300794
0.5162337662337663, 0.5966681317064878, 0.5193596328851968
0.5119047619047619, 0.601354633074557, 0.4522585814067828
0.5075757575757576, 0.5879776348489054, 0.36410965568463866
0.5054112554112554, 0.5508710817372009, 0.34622043632718913
0.5054112554112554, 0.5089487783581665, 0.3921123727675495
0.5064935064935064, 0.4793805135073093, 0.44564021326851133
0.5075757575757576, 0.464221860783811, 0.48347582058461314
0.5097402597402597, 0.4592484952104319, 0.5619613986453931
0.5108225108225108, 0.47540332623274895, 0.5838639043740865
0.5108225108225108, 0.49745427802537884, 0.5745041960018319
0.5108225108225108, 0.5169856107560936, 0.5619754400566342
0.5097402597402597, 0.533144221704666, 0.5255107527156035
0.5086580086580087, 0.539486595046563, 0.48532412109279816
0.5075757575757576, 0.5350107891200608, 0.4509083454505342
0.5075757575757576, 0.5212703094569391, 0.4618128112859979
0.5075757575757576, 0.5104652951829404, 0.46586595813928555
0.5075757575757576, 0.5007513817922297, 0.4662400549150225
0.5075757575757576, 0.49113817467672105, 0.4717208972446712
0.5075757575757576, 0.48300040186534854, 0.4755901538838303
0.5086580086580087, 0.47590422697516416, 0.5117764527461822
0.5097402597402597, 0.4785493479424469, 0.5447561682408786
0.5097402597402597, 0.4900725574689099, 0.5382489137141108
0.3658008658008658, 0.49984402411041495, 0.2014010775086042
0.36904761904761907, 0.4189365726368838, 0.21468339627858052
0.37662337662337664, 0.341604700895994, 0.21479610236889596
0.3874458874458874, 0.2643031694608336, 0.35266762700183385
0.39935064935064934, 0.22411643987037932, 0.40144105175908545
0.41233766233766234, 0.1970594410199926, 0.40144120695119845
0.4264069264069264, 0.17000248394708337, 0.4014413163334023
0.44047619047619047, 0.1429455563196948, 0.4014411361712319
0.4556277056277056, 0.1158885801929277, 0.4014433018058225
0.4707792207792208, 0.08883218705165322, 0.5448161208982915
0.48593073593073594, 0.10037153574104979, 0.6024594832849732
0.5010822510822511, 0.12742838870364678, 0.708805607439844
0.5140692640692641, 0.18311345431181264, 0.8462330798647184
0.5238095238095238, 0.2757937835949657, 0.8618376027463318
0.5303030303030303, 0.3726748263769661, 0.7900443036059024
0.5324675324675324, 0.4502292237296887, 0.787735860320438
0.5313852813852814, 0.5271621917093927, 0.7483955235442993
0.5270562770562771, 0.5935048016885038, 0.6024596546015911
0.5216450216450217, 0.6205617007692702, 0.6024596460571056
0.5151515151515151, 0.6476185975498743, 0.5035778815825537
0.5086580086580087, 0.6480566758014265, 0.3861532629219299
0.5032467532467533, 0.6168842277685826, 0.28861644062583064
0.5010822510822511, 0.5594550175673368, 0.2609850909409507
0.5010822510822511, 0.49458749063617574, 0.3261080860889846
0.5032467532467533, 0.4472509735845965, 0.5087461979804825
0.5054112554112554, 0.4490803546413548, 0.5207514052845187
0.5075757575757576, 0.45414151899332367, 0.5201968406787685
0.5097402597402597, 0.4590533954085172, 0.562165755398553
0.5108225108225108, 0.47526323895368355, 0.584003022604399
0.5108225108225108, 0.49735164115940494, 0.5745862800417719
0.5108225108225108, 0.5169050707871047, 0.5620016067080084
0.5097402597402597, 0.5330707257578802, 0.5255300968971345
0.5086580086580087, 0.5394183065236182, 0.48538656374211
0.5075757575757576, 0.5349593100620295, 0.45095872805989046
0.5075757575757576, 0.5212323933196606, 0.46183732517889253
0.5075757575757576, 0.5104339781478306, 0.4658696080115829
0.5075757575757576, 0.5007210472971146, 0.4662400549150225
0.5075757575757576, 0.4911078401816061, 0.4717364680088451
0.5075757575757576, 0.4829742589959404, 0.4756015754123592
0.5086580086580087, 0.47588115876362486, 0.5117892413023672
0.5097402597402597, 0.4785297223905137, 0.5447699771669411
0.5097402597402597, 0.49005664925858056, 0.5382514521891635
0.5097402597402597, 0.49982879925365575, 0.5376610220630081
0.5097402597402597, 0.5094420063691643, 0.5343096674476979
0.7142857142857143, 0.5181530339897428, 0.7890528433290002
0.70995670995671, 0.5954405317646729, 0.789315527737356
0.7023809523809523, 0.672798743777295, 0.7893099884462246
0.6915584415584416, 0.7501554646212855, 0.7065525854931007
0.6785714285714286, 0.8052340201953615, 0.602459590240493
0.6645021645021645, 0.8322909019502195, 0.6024597198585867
0.6504329004329005, 0.8593478185980686, 0.6024596325693636
0.6352813852813853, 0.8864047117477932, 0.6024597566956899
0.6201298701298701, 0.9134616383121336, 0.6024593586543348
0.604978354978355, 0.9405184577243549, 0.5930873929478587
0.5898268398268398, 0.9650523584191886, 0.5585740865562184
0.5746753246753247, 0.9802953302500544, 0.5357250815109599
0.5595238095238095, 0.9893873851540117, 0.5209250916751706
0.5443722943722944, 0.9944953056145339, 0.3192049725872483
0.5292207792207793, 0.9453004810523171, 0.37853847550670183
0.5140692640692641, 0.9120781439886658, 0.26666875488085146
0.5, 0.8487406506263866, 0.10021773175906158
0.48917748917748916, 0.7405947984934239, 0.17020774459647228
0.48268398268398266, 0.6512901498974848, 0.21426723191116576
0.47943722943722944, 0.5738462473505778, 0.21542953195320327
0.47943722943722944, 0.496715234182817, 0.23503831838704664
0.48268398268398266, 0.42486287608792095, 0.40144126874689146
0.487012987012987, 0.3978059356503171, 0.40144132770936586
0.4935064935064935, 0.3707490110853203, 0.40144166000188347
0.5010822510822511, 0.34369217597295704, 0.4845414440928342
0.5086580086580087, 0.3390056746048878, 0.618828330803966
0.5151515151515151, 0.3704689960801894, 0.7288258847472101
0.5183982683982684, 0.43154348946988746, 0.7729687326983585
0.8322510822510822, 0.5045011694634165, 0.8013382260714761
0.827922077922078, 0.5850958733295777, 0.7889396200273094
0.8203463203463204, 0.6623528915662736, 0.7896619581344605
0.8095238095238095, 0.7398043621076292, 0.7432782050332966
0.7965367965367965, 0.80476939783406, 0.6024590320560628
0.7824675324675324, 0.83182612932653, 0.602459622824497
0.7683982683982684, 0.8588830198529516, 0.6024596666294272
0.7532467532467533, 0.8859399221715929, 0.6024595921942393
0.7380952380952381, 0.9129968044523964, 0.6024593353414734
0.7229437229437229, 0.9400536175888312, 0.5937396996374618
0.7077922077922078, 0.964763118238703, 0.5589903121391389
0.6926406926406926, 0.9801181373547058, 0.536001625201607
0.6774891774891775, 0.9892846373937776, 0.5210991802316425
0.6623376623376623, 0.9944394222252722, 0.512160064227698
0.6471861471861472, 0.9971878108118819, 0.5071936437869037
0.6320346320346321, 0.998599246673639, 0.5045849755113713
0.6168831168831169, 0.999308433057973, 0.5032561314696529
0.6017316017316018, 0.9996598966752444, 0.5025944930762632
0.5865800865800865, 0.9998332482572069, 0.5022673516810653
0.5714285714285714, 0.9999185338800068, 0.5021056906165461
0.5562770562770563, 0.9999603005935065, 0.5020261693101277
0.5411255411255411, 0.9999806602939333, 0.2740837911330553
0.525974025974026, 0.9386392832573751, 0.39168272062390114
0.5108225108225108, 0.9089553567119358, 0.2346013545058793
0.4967532467532468, 0.8369853686139918, 0.009356162067070796
0.487012987012987, 0.7043797220209658, 0.216081267879197
0.4816017316017316, 0.6274241551595596, 0.21449061139436362
0.47943722943722944, 0.550040386025097, 0.2165840817915963
0.4805194805194805, 0.4732201758936112, 0.26137653837823405
0.48484848484848486, 0.4084580260089873, 0.40144128967953696
0.4902597402597403, 0.3814010912064193, 0.4014413716815188
0.4967532467532468, 0.35434417847865834, 0.4014412413371348
0.5043290043290043, 0.3272872306623902, 0.5223876618246641
0.5119047619047619, 0.3327888727519939, 0.6824301911164116
0.5173160173160173, 0.38137371695460104, 0.75770745668606
0.5194805194805194, 0.4502230849772438, 0.787736201276238
0.5183982683982684, 0.5271561447417235, 0.7139008155088955
0.5151515151515151, 0.5842128325056889, 0.5035778815825537
0.5108225108225108, 0.584650910757241, 0.4296644259669644
0.5075757575757576, 0.565191600725508, 0.36080194370351815
0.5064935064935064, 0.5271946166487039, 0.4201843463584869
0.5064935064935064, 0.505183283803867, 0.42973690807758985
0.5064935064935064, 0.48574348584455296, 0.443580096918651
0.5075757575757576, 0.47003025297620105, 0.48048171760256464
0.5086580086580087, 0.46425087949671356, 0.5192951273714502
0.5097402597402597, 0.4689200160799444, 0.5524864967299387
0.5097402597402597, 0.4825242181161356, 0.5420949189093112
0.5097402597402597, 0.4933310234259668, 0.5378366949448452
0.5097402597402597, 0.5029915214103929, 0.5376610220630081
0.5097402597402597, 0.5126047285259013, 0.5327814286314416
0.5097402597402597, 0.5209043566135614, 0.5293916449660274
0.5086580086580087, 0.5282914601652579, 0.49267572018209504
0.5075757575757576, 0.5257946933780371, 0.4587007240020423
0.5075757575757576, 0.5141519100057785, 0.4653051860559902
0.5075757575757576, 0.5042870376349089, 0.4662400549150225
0.5075757575757576, 0.49467383051940017, 0.46975621103707665
0.2813852813852814, 0.48600716721032683, 0.2134918539033879
0.2857142857142857, 0.40835453409929495, 0.21431463267090484
0.29329004329004327, 0.3309233917638218, 0.21532803241559934
0.3041125541125541, 0.25376505507704183, 0.40144373547857876
0.31601731601731603, 0.2267087786798046, 0.4014423831155826
0.329004329004329, 0.1996521382285341, 0.40144176991846986
0.3430735930735931, 0.1725953327055463, 0.40144148924465123
0.35714285714285715, 0.14553845162559934, 0.4014414124117407
0.3722943722943723, 0.11848154986235129, 0.4014415029974099
0.3874458874458874, 0.09142467248462574, 0.40144177817912813
0.4025974025974026, 0.06436786918539443, 0.40638908932083806
0.41774891774891776, 0.038642874417167086, 0.4409347467782043
0.4329004329004329, 0.02221751736991792, 0.4644747151333299
0.44805194805194803, 0.012129083507185496, 0.4803951905614902
0.46320346320346323, 0.0063264170816583025, 0.49485023097234093
0.47835497835497837, 0.004415025246256101, 0.7205782581648359
0.4935064935064935, 0.06326927027713669, 0.611769543274347
0.5086580086580087, 0.09283237703353112, 0.7904304311777636
0.5227272727272727, 0.17049071933322196, 0.9975506435822221
0.5313852813852814, 0.3039055034499667, 0.795431316976562
0.5367965367965368, 0.382910076495742, 0.7891530221816783
0.5378787878787878, 0.4602245422633456, 0.7871696325989477
0.5367965367965368, 0.5370050826135008, 0.7266519630877202
0.5324675324675324, 0.5974943596444714, 0.6024597303724994
0.5270562770562771, 0.6245512791226495, 0.6024597052965124
0.5194805194805194, 0.6516081918504105, 0.6024597952429745
0.5108225108225108, 0.6786651287916206, 0.4293147321598568
0.5032467532467533, 0.659111681726213, 0.28861644062583064
0.4989177489177489, 0.6016824715249672, 0.23093234427967144
0.49783549783549785, 0.528724791531438, 0.21615396590069186
0.5, 0.45178879486532386, 0.41887096046718425
0.5032467532467533, 0.4294239005636806, 0.5130126583357968
0.5064935064935064, 0.4324018061695608, 0.5735557992105619
0.5086580086580087, 0.45167783194641503, 0.565356345084455
0.5097402597402597, 0.468746577315401, 0.5526480181033292
1.0, 0.4823942606562564, 0.824004950774469
0.9967532467532467, 0.5690908118622496, 0.7882576679054194
0.9902597402597403, 0.6461642496392466, 0.7900133527631136
0.9805194805194806, 0.723710315072814, 0.7769670356486049
0.9675324675324676, 0.7977443320554971, 0.6024590287816001
0.9545454545454546, 0.8248010626664868, 0.6024595584030417
0.9404761904761905, 0.8518579358507521, 0.6024596544007975
0.9253246753246753, 0.8789148348774652, 0.6024595489316726
0.9101731601731602, 0.9059717055120523, 0.6024597362134274
0.895021645021645, 0.9330286265625991, 0.6024593557666098
0.8798701298701299, 0.9600854451974495, 0.5656817619618207
0.8647186147186147, 0.9772417922880563, 0.5404650112749206
0.8495670995670995, 0.9876098289758923, 0.5239078218277876
0.8344155844155844, 0.9935206957943761, 0.5137899972643306
0.8192640692640693, 0.9967078598412253, 0.5080746243373399
0.8041125541125541, 0.9983564543087606, 0.5050378299853262
0.788961038961039, 0.9991875484192195, 0.5034832617054341
0.7738095238095238, 0.9996001551457473, 0.5027071101411668
0.7586580086580087, 0.9998038230679354, 0.5023229194874663
0.7435064935064936, 0.9999040674585378, 0.5021332263653315
0.7283549783549783, 0.9999532467531524, 0.5020396016390499
0.7132034632034632, 0.9999772224158138, 0.5019939420862601
0.698051948051948, 0.9999889065972672, 0.5019716867681804
0.6829004329004329, 0.9999945996814095, 0.5019608420214964
0.6677489177489178, 0.9999973733764661, 0.5019555581991479
0.6525974025974026, 0.9999987246746938, 0.5019529839574631
0.6374458874458875, 0.9999993829910291, 0.50195172984368
0.6222943722943723, 0.999999703701868, 0.5019511188763444
0.6071428571428571, 0.9999998599412421, 0.5019508212332292
0.591991341991342, 0.9999999360555484, 0.5019506762318513
0.5768398268398268, 0.9999999731357074, 0.5019506055923442
0.5616883116883117, 0.9999999911998201, 0.5019505711793215
0.5465367965367965, 1.0, 0.32898984431826017
0.5313852813852814, 0.9534392478203089, 0.3630010439204173
0.5162337662337663, 0.9160342581310635, 0.2950954695381862
0.5021645021645021, 0.8603491925228973, 0.14426899035675897
0.4902597402597403, 0.7640618712810396, 0.06388741182783672
0.4837662337662338, 0.6461359530409377, 0.21408253032414845
0.4805194805194805, 0.5686423291116004, 0.21566438175223326
0.4805194805194805, 0.49157453714761945, 0.23856173645296885
0.4837662337662338, 0.4206706777632506, 0.40144162774434344
0.48917748917748916, 0.3936138339672072, 0.4014415142344915
0.49567099567099565, 0.36655695961448675, 0.40144143092092555
0.5032467532467533, 0.3395000628338828, 0.5130126583357968
0.5108225108225108, 0.34247796843976297, 0.6598034522560475
0.5162337662337663, 0.38497172942971875, 0.742915986037082
0.5183982683982684, 0.44983925636088024, 0.7628465301216104
0.5183982683982684, 0.5200720550283473, 0.7199520747359094
0.5151515151515151, 0.5787577324456838, 0.5035778815825537
0.25865800865800864, 0.5791958106972359, 0.009423547122649527
0.26082251082251084, 0.4466083040572697, 0.21596942791316298
0.26731601731601734, 0.3696226300494551, 0.21389704681598487
0.27705627705627706, 0.2920790742457204, 0.2436492695243001
0.288961038961039, 0.22254477091959893, 0.4014412223913981
0.30194805194805197, 0.19548781800316767, 0.4014411529265555
0.31601731601731603, 0.1684308463869079, 0.4014412909558371
0.3300865800865801, 0.1413739119279179, 0.4014414063512293
0.34523809523809523, 0.1143170085331896, 0.4014415180251976
0.36038961038961037, 0.08726013520092132, 0.40144164293607726
0.37554112554112556, 0.060203295494469254, 0.4119771779730859
0.3906926406926407, 0.0359826055750568, 0.444608916553744
0.40584415584415584, 0.020546329366117198, 0.4670126889599573
0.420995670995671, 0.011141114144167276, 0.48203622550923825
0.43614718614718617, 0.0057802117962337625, 0.49128055193204345
0.4512987012987013, 0.0029078678673331144, 0.4964822152477688
0.46645021645021645, 0.0014358036824913998, 0.5520796318076993
0.4816017316017316, 0.01493047830896781, 0.6999237017340599
0.4967532467532468, 0.0682245485963002, 0.6024598488009902
0.5119047619047619, 0.09528149995524539, 0.8230241441099406
0.5248917748917749, 0.1817140195194704, 0.9987067988498736
0.5335497835497836, 0.31544003885157107, 0.7876697889554379
0.538961038961039, 0.39235522052169364, 0.7885488864175092
0.54004329004329, 0.4695070538731103, 0.7872201174157278
0.5378787878787878, 0.5463011846580992, 0.6830709371205094
0.5335497835497836, 0.5950585166970321, 0.6024598587205896
0.5281385281385281, 0.6221154707263181, 0.6024596790734893
0.45995670995670995, 0.6491723763948818, 0.028064955523095122
0.45995670995670995, 0.5216031081528065, 0.16311746590183732
0.46320346320346323, 0.43038976746489455, 0.21821879774928096
0.4696969696969697, 0.35400962034862077, 0.30244165565578857
0.47943722943722944, 0.3003021367161023, 0.4336268918622842
0.48917748917748916, 0.2819095163935949, 0.49309617152511453
0.4989177489177489, 0.2795259344596138, 0.5882859332446325
0.5075757575757576, 0.3027672896057923, 0.6101181463036549
0.5151515151515151, 0.3318858428439938, 0.7288258847472101
0.5205627705627706, 0.392960336233692, 0.7887098381179011
0.8636363636363636, 0.4701554975346799, 0.8455124809995438
0.8614718614718615, 0.5626418427144316, 0.7879533627959229
0.854978354978355, 0.6396333620251656, 0.790072409870473
0.8452380952380952, 0.7171953255409729, 0.7870782869659293
0.8322510822510822, 0.7939512757875671, 0.6024599480551887
0.8192640692640693, 0.8210082538655893, 0.6024593090933074
0.8051948051948052, 0.8480650599360585, 0.60245964622894
0.79004329004329, 0.8751219567629202, 0.602459705790493
0.7748917748917749, 0.9021788696236599, 0.6024595379030268
0.7597402597402597, 0.9292357372893527, 0.6024591698556152
0.7445887445887446, 0.9562925058772498, 0.5710411702296531
0.7294372294372294, 0.9748915974097931, 0.5440498099073475
0.7142857142857143, 0.9862246563620157, 0.5262024408331148
0.6991341991341992, 0.992753231078621, 0.5151340122122186
0.683982683982684, 0.9963022018770817, 0.5088121399094401
0.6688311688311688, 0.9981493343994388, 0.5054219057750041
0.6536796536796536, 0.9990838211202656, 0.5036779508977408
0.6385281385281385, 0.9995488378771675, 0.5028037959879892
0.6233766233766234, 0.9997785334802388, 0.5023706650547943
0.6082251082251082, 0.9998916309039461, 0.502156895353151
0.5930735930735931, 0.9999471818535864, 0.5020511500414344
0.577922077922078, 0.9999742663283628, 0.5019995722653768
0.5627705627705628, 0.9999874661453534, 0.5019744305885374
0.5476190476190477, 0.9999938978617049, 0.3428310431232689
0.5324675324675324, 0.957159175058339, 0.35603201490869496
0.5173160173160173, 0.9178781335048043, 0.318483669746564
0.5032467532467533, 0.8684891353300643, 0.15713083183251206
0.49134199134199136, 0.775664201981584, 0.019850348852546308
0.48484848484848486, 0.6458835742900408, 0.21394229387133323
0.4816017316017316, 0.5683521989238387, 0.2156776652123335
0.4816017316017316, 0.49128798284683484, 0.23792903437642213
0.48484848484848486, 0.4202138010390337, 0.4014411867481733
0.4902597402597403, 0.3931568385275013, 0.4014413716815188
0.48593073593073594, 0.36609992579974027, 0.4014414092879281
0.4935064935064935, 0.33904302319556673, 0.40144165280979355
0.5021645021645021, 0.31198618614710394, 0.5003231953954774
0.5108225108225108, 0.3115481078955519, 0.6697013130179897
0.5173160173160173, 0.3567063577409403, 0.75770745668606
0.5205627705627706, 0.4255557257635831, 0.7887098381179011
0.5205627705627706, 0.502750887064571, 0.7721257176025971
0.5173160173160173, 0.5754816286941806, 0.5397987793615534
0.512987012987013, 0.5856703167782126, 0.4801909318750384
0.5097402597402597, 0.5798126642292426, 0.4070378087896538
0.5075757575757576, 0.5542623037417487, 0.36933758294185676
0.5075757575757576, 0.5185631005866561, 0.46351184408655577
0.5075757575757576, 0.5082154633227995, 0.4660969429498475
0.5075757575757576, 0.49856373068693266, 0.46719174640286
0.5075757575757576, 0.4892067174525203, 0.47268655930006065
0.5075757575757576, 0.4813288993774878, 0.47630396219167637
0.5086580086580087, 0.47442488058314214, 0.5125992151408244
0.5097402597402597, 0.47729148791843107, 0.5456527361731248
0.5097402597402597, 0.4890560521498211, 0.5384177704431057
0.5097402597402597, 0.4988729747624086, 0.5376610220630081
0.5097402597402597, 0.5084861818779172, 0.5348050540676199
0.5097402597402597, 0.5173305668127334, 0.5307879432929005
0.5086580086580087, 0.5250935517210477, 0.4943542875222486
0.5075757575757576, 0.5230486526735842, 0.46063398390765603
0.5075757575757576, 0.5119262998869901, 0.4656729826868967
0.5075757575757576, 0.5021604378020486, 0.4662400549150225
0.5075757575757576, 0.49254723068654, 0.4709677978200105
0.5075757575757576, 0.48420672467126585, 0.4750558378843717
0.5086580086580087, 0.47696671273789826, 0.5111930175261288
0.5097402597402597, 0.47945477384355145, 0.5441286512287516
0.5097402597402597, 0.49080905675792913, 0.5381386573704747
0.5097402597402597, 0.5005508425617335, 0.5376610220630081
0.5097402597402597, 0.510164049677242, 0.5339457253805882
0.5097402597402597, 0.5187771046545231, 0.5302065506602566
0.5086580086580087, 0.5263835795625889, 0.49368397252781426
0.07034632034632035, 0.5241582327521941, 0.17633428834934184
0.0735930735930736, 0.4365028402879038, 0.21545393315708228
0.08008658008658008, 0.35937839588660264, 0.2141254018687567
0.08982683982683982, 0.2818963129109695, 0.26656894475498616
0.10173160173160173, 0.2185319508167063, 0.4014416880656256
0.11471861471861472, 0.19147512325905908, 0.401441580885133
0.12878787878787878, 0.16441826684858848, 0.40144150221254066
0.14285714285714285, 0.13736138925957733, 0.4014414345797
0.15800865800865802, 0.11030449346390979, 0.401441367299651
0.17316017316017315, 0.08324757955655676, 0.40144128993158407
0.18831168831168832, 0.05619064482183942, 0.41732901702187186
0.20346320346320346, 0.03341066172226724, 0.44820138061516285
0.21861471861471862, 0.0189414712993793, 0.46948556015471193
0.23376623376623376, 0.010201949190094588, 0.4836172105924972
0.24891774891774893, 0.005266645588826228, 0.49219596855815295
0.26406926406926406, 0.0026407304041775807, 0.4969760672706693
0.2792207792207792, 0.0013016104224217156, 0.4994776267350681
0.2943722943722944, 6.359063912843653E-4, 0.5007345370549792
0.30952380952380953, 3.0856068021535435E-4, 0.501358560269219
0.3246753246753247, 1.492010562275801E-4, 0.5016640470833785
0.3398268398268398, 7.207801157614823E-5, 0.501812078626728
0.354978354978355, 3.4804830142023056E-5, 0.5018836658689088
0.37012987012987014, 1.6802823921344158E-5, 0.5019182510553118
0.3852813852813853, 8.111096552873484E-6, 0.5019349518877324
0.4004329004329004, 3.915207520701398E-6, 0.5019430146961913
0.4155844155844156, 1.8898140934754873E-6, 0.5019469068176529
0.43073593073593075, 9.121737623866703E-7, 0.5019487855424377
0.4458874458874459, 4.4028324654826536E-7, 0.5019496923783598
0.461038961038961, 2.1251156267295745E-7, 0.5019501300907551
0.47619047619047616, 1.0257138069061632E-7, 0.7297667515696293
0.49134199134199136, 0.06132787585893526, 0.615484280966897
0.5064935064935064, 0.09189098427434604, 0.7698429671955004
0.5205627705627706, 0.1640072130141773, 0.9939003193303616
0.5303030303030303, 0.296439335470819, 0.8055484890012334
0.5357142857142857, 0.37816743562579397, 0.7894104655836672
0.5378787878787878, 0.4555512047602566, 0.7874390327229989
0.5367965367965368, 0.5324042672084136, 0.7384370466618563
0.5324675324675324, 0.5960660705659182, 0.6024596320214535
0.5270562770562771, 0.6231229635681463, 0.6024597052965124
0.007575757575757576, 0.6501798762959075, 0.0
0.007575757575757576, 0.5150555653008537, 0.1876575227034547
0.010822510822510822, 0.4304483700652004, 0.2151685311256188
0.017316017316017316, 0.35324709587709546, 0.21432187914548886
0.027056277056277056, 0.27581790428140696, 0.29021280177713593
0.03896103896103896, 0.2188184320406357, 0.4014420884574222
0.05194805194805195, 0.19176171226784272, 0.4014418136826018
0.06601731601731602, 0.16470491852609176, 0.40144161258749245
0.08008658008658008, 0.1376480706498475, 0.40144144023000117
0.09523809523809523, 0.11059117637523229, 0.4014413124590222
0.11038961038961038, 0.08353424770486655, 0.40144134307540386
0.12554112554112554, 0.05647732727638356, 0.4169466978305667
0.1406926406926407, 0.0335944244400166, 0.4479424467442386
0.15584415584415584, 0.01905552941833048, 0.46930940968359425
0.170995670995671, 0.010268587873830346, 0.4835045360861302
0.18614718614718614, 0.005302952469182742, 0.49213112032511264
0.2012987012987013, 0.002659580240190259, 0.49694117597742987
0.21645021645021645, 0.0013110675760938332, 0.4994598327217962
0.23160173160173161, 6.405734240205742E-4, 0.5007256941877172
0.24675324675324675, 3.1084722671963124E-4, 0.5013541808724613
0.2619047619047619, 1.503086758773412E-4, 0.5016619219961185
0.27705627705627706, 7.261356101220982E-5, 0.5018110502558067
0.2922077922077922, 3.506354371172253E-5, 0.5018831688814203
0.30735930735930733, 1.6927749225434507E-5, 0.5019180110274305
0.3225108225108225, 8.171406721418526E-6, 0.5019348359985563
0.33766233766233766, 3.944320501721442E-6, 0.5019429587515064
0.3528138528138528, 1.9038668516081824E-6, 0.501946879812708
0.36796536796536794, 9.189568310367336E-7, 0.5019487725073922
0.38311688311688313, 4.4355730104383775E-7, 0.5019496860865661
0.39826839826839827, 2.1409187601217613E-7, 0.5019501270538387
0.4134199134199134, 1.0333416081162259E-7, 0.5019503398990532
0.42857142857142855, 4.9874049180962984E-8, 0.5019504426344611
0.44372294372294374, 2.4070150959324146E-8, 0.5019504922223702
0.4588744588744589, 1.1615241380985575E-8, 0.5019505161572441
0.474025974025974, 5.60356294659969E-9, 0.7058967189702356
0.48917748917748916, 0.05490200292097553, 0.627512458624332
0.354978354978355, 0.0887030782153133, 0.40144167495043137
0.37012987012987014, 0.06164624712707598, 0.41004338647114613
0.3852813852813853, 0.036904983517087785, 0.4433306912919087
0.4004329004329004, 0.021124611038579693, 0.46612918036109907
0.4155844155844156, 0.011481556664114287, 0.4814701313776167
0.43073593073593075, 0.005968262648818551, 0.4909464019768081
0.4458874458874459, 0.0030059660672001297, 0.49630119884537516
0.461038961038961, 0.0014851725459463611, 0.4991325649003049
0.47619047619047616, 7.265784009475408E-4, 0.7282300528252263
0.49134199134199136, 0.06164067475597112, 0.6148889653693563
0.5064935064935064, 0.09204352513045133, 0.7698541719347924
0.5205627705627706, 0.16416277016882322, 0.9939003193303616
0.5303030303030303, 0.29659489262546496, 0.8053093121791863
0.5357142857142857, 0.3782586067487357, 0.7894104655836672
0.5378787878787878, 0.4556423758831983, 0.7874335569798545
0.5367965367965368, 0.5324939642697442, 0.7382411234784975
0.5324675324675324, 0.5961030254083858, 0.6024596602041278
0.5270562770562771, 0.6231599259973464, 0.6024597052965124
0.5205627705627706, 0.6502168387251074, 0.6024598356408962
0.5119047619047619, 0.6772737865413756, 0.4523323992285175
0.5043290043290043, 0.663916659959514, 0.3005443808194053
0.4989177489177489, 0.6096984328664818, 0.23093234427967144
0.49783549783549785, 0.5367407528729525, 0.21730780499223087
0.4989177489177489, 0.46011536791115637, 0.33898162353891337
0.5032467532467533, 0.41624438729116864, 0.5130126583357968
0.5064935064935064, 0.4192222928970488, 0.5748639667950189
0.5086580086580087, 0.4388504753705528, 0.6197709596139717
0.5097402597402597, 0.4705675510680524, 0.5510026956938668
0.5097402597402597, 0.48377231615323135, 0.541307451832788
0.5097402597402597, 0.49436713654027165, 0.5377457292287908
0.5097402597402597, 0.5040031466941975, 0.5374354802176929
0.5097402597402597, 0.5135556382927141, 0.5323562948324818
0.5086580086580087, 0.5217408210172152, 0.4960631554227581
0.5086580086580087, 0.5201559465736362, 0.4968582401640178
0.5086580086580087, 0.5187851077164495, 0.49754209615879164
0.5086580086580087, 0.5175983618386064, 0.4981326353381837
0.5086580086580087, 0.5165705881972932, 0.4986438177960286
0.5086580086580087, 0.5156804240854308, 0.49908501442380737
0.5086580086580087, 0.5149090294254777, 0.49946924120217084
0.5086580086580087, 0.5142410680218142, 0.4998013496750043
0.5086580086580087, 0.5136625097069537, 0.5000902364972781
0.5086580086580087, 0.5131617192792096, 0.500339593516057
0.5086580086580087, 0.5127280553764331, 0.5005570771586751
0.3787878787878788, 0.5123529377349074, 0.1903942435958952
0.38203463203463206, 0.4284824635437021, 0.21508042741460892
0.38852813852813856, 0.35125747197244195, 0.2143940249482192
0.39935064935064934, 0.2738477019156055, 0.29961355249499294
0.41125541125541126, 0.21937889727290175, 0.40144164500498397
0.42424242424242425, 0.1923220581233962, 0.4014413632338007
0.4383116883116883, 0.16526514312152255, 0.4014415448540409
0.4523809523809524, 0.1382082770115375, 0.40144288959696545
0.4675324675324675, 0.11115177290427429, 0.47795170145228827
0.48268398268398266, 0.10469132297820793, 0.6024593621763071
0.4967532467532468, 0.1317481433385387, 0.6024598356408962
0.5108225108225108, 0.15880509115480687, 0.8114632437232481
0.5227272727272727, 0.24212543416088586, 0.9812555029785616
0.5292207792207793, 0.3711535915528834, 0.7900260029865342
0.5313852813852814, 0.4487030624070901, 0.7878196072024269
0.5303030303030303, 0.5256585749182948, 0.7508130838376386
0.525974025974026, 0.5926519884006949, 0.6024596653540948
0.5205627705627706, 0.6197088903760187, 0.6024598356408962
0.5140692640692641, 0.6467658381922867, 0.49088841864223415
0.5075757575757576, 0.6437879325864067, 0.36631678395992934
0.5021645021645021, 0.6072755350032012, 0.2750751922308225
0.5, 0.5462010416135035, 0.27509465853891985
0.5, 0.4851317885239302, 0.3158996764381737
0.1958874458874459, 0.4350471833348754, 0.21538384535007926
0.20238095238095238, 0.3579038714039985, 0.21416896720440023
0.21212121212121213, 0.28043351614954637, 0.27080325692579
0.22402597402597402, 0.21820902436270467, 0.4014412386282605
0.237012987012987, 0.19115207581721172, 0.40144131911304504
0.2510822510822511, 0.16409514893809868, 0.40144137794057244
0.26515151515151514, 0.1370382378952653, 0.4014414282109783
0.2803030303030303, 0.1099813403851477, 0.4014414778858275
0.29545454545454547, 0.0829244562474229, 0.40144153465918003
0.3106060606060606, 0.05586758739299705, 0.4177609655621715
0.32575757575757575, 0.033203884174444656, 0.4484929939533219
0.3409090909090909, 0.018813195612545484, 0.46968383567748323
0.3560606060606061, 0.010127048968266383, 0.4837439304744971
0.3712121212121212, 0.0052258581638408436, 0.49226884663229115
0.38636363636363635, 0.0026195616443782377, 0.49701525888992537
0.4015151515151515, 0.0012909919860958844, 0.4994976078690914
0.4166666666666667, 6.306668454283343E-4, 0.5007444652168979
0.4318181818181818, 3.05993780239432E-4, 0.5013634767529016
0.44696969696969696, 1.479576660781765E-4, 0.5016664326912897
0.4621212121212121, 7.147682339804062E-5, 0.5018132330453596
0.4772727272727273, 3.45144096795117E-5, 0.7296937731954077
0.49242424242424243, 0.061342642031420265, 0.6154562883420671
0.5075757575757576, 0.09189821487538916, 0.7799899107166025
0.5216450216450217, 0.16674598516535394, 0.9957995153760546
0.5313852813852814, 0.2996893682690931, 0.8008078056534084
0.5367965367965368, 0.38014128377657486, 0.7891530221816783
0.538961038961039, 0.4574557495441785, 0.7873299220039998
0.5378787878787878, 0.5342794395550207, 0.7341178067784224
0.5335497835497836, 0.5967785101958154, 0.6024593303906076
0.5281385281385281, 0.6238353219994849, 0.6024597206310266
0.16883116883116883, 0.6508922388552735, 9.767245964480263E-5
0.16883116883116883, 0.5157942211357534, 0.18687129385708728
0.17207792207792208, 0.4309753743069577, 0.21519304495701178
0.17857142857142858, 0.35378069920446553, 0.21430315438203226
0.18831168831168832, 0.2763464669313265, 0.2877665195687812
0.2002164502164502, 0.21868845929203087, 0.40144190660883844
0.2132034632034632, 0.1916316905658795, 0.40144170799906465
0.22727272727272727, 0.16457486837428334, 0.40144156249688057
0.24134199134199133, 0.13751800701372355, 0.40144143766649354
0.2564935064935065, 0.11046111204901606, 0.40144131374672715
0.27164502164502163, 0.08340418372529852, 0.40144117153541925
0.28679653679653677, 0.05634721711851618, 0.4171200206831031
0.30194805194805197, 0.03351097252680251, 0.44806001012881325
0.3170995670995671, 0.01900372538697087, 0.4693893980551908
0.33225108225108224, 0.010238316588769072, 0.4835557116569814
0.3474025974025974, 0.005286457568886129, 0.4921605792868654
0.3625541125541126, 0.0026510156469742164, 0.49695702832322036
0.3777056277056277, 0.0013067704099215785, 0.4994679177914012
0.39285714285714285, 6.384527461194723E-4, 0.5007297122907737
0.408008658008658, 3.0980821596575056E-4, 0.5013561708646224
0.4231601731601732, 1.4980536794482923E-4, 0.5016628876432844
0.4383116883116883, 7.237020380783011E-5, 0.5018115175536126
0.45346320346320346, 3.494598235614532E-5, 0.5018833947160306
0.4686147186147186, 1.6870982198751943E-5, 0.6351144255486246
0.4837662337662338, 0.03586438405095223, 0.6617715625744772
0.4989177489177489, 0.07888795730396607, 0.6520307871322282
0.5140692640692641, 0.11928932882739603, 0.8462330798647184
0.5270562770562771, 0.21196965811054908, 0.9909921082217783
0.5346320346320347, 0.343618894620981, 0.7891956442513317
0.5378787878787878, 0.4209448341840157, 0.7888644394986019
0.5378787878787878, 0.49818161393830573, 0.7765514813223134
0.5346320346320347, 0.5721037643371014, 0.602458959657143
0.5303030303030303, 0.599160476339894, 0.6024596553938351
0.5248917748917749, 0.6262173756339311, 0.6024593673593893
0.5173160173160173, 0.6532741973895397, 0.5397987793615534
0.5097402597402597, 0.6634628854735718, 0.4066680756316102
0.5032467532467533, 0.6378129933900305, 0.28861644062583064
0.5, 0.5803837831887847, 0.24619362029196917
0.5, 0.5115344151661414, 0.28171364907138313
0.5021645021645021, 0.4522469841219716, 0.4529046733273587
0.5043290043290043, 0.43904391284511873, 0.521985485672414
0.5064935064935064, 0.4444372897346591, 0.5718737280024158
0.5075757575757576, 0.463260504535895, 0.48425949369354504
0.5097402597402597, 0.45849810255508133, 0.562747691716684
0.5108225108225108, 0.47486460245979095, 0.5844018600852711
0.5108225108225108, 0.4970603711003887, 0.5745978086941236
0.5108225108225108, 0.5166169042235254, 0.5620953969158137
0.5097402597402597, 0.5328078073736253, 0.5255994021330576
0.5086580086580087, 0.5391740450020109, 0.4856082720995872
0.5075757575757576, 0.5347747320883991, 0.45113896734507797
0.5075757575757576, 0.5210963354836887, 0.4619252308279437
0.5075757575757576, 0.5103215843770401, 0.4658827009678692
0.5075757575757576, 0.500612178129968, 0.4662400549150225
0.5075757575757576, 0.49099897101445955, 0.47179234870565595
0.5075757575757576, 0.4828804328262119, 0.47564258007041277
0.5086580086580087, 0.47579837098461863, 0.5118351628719302
0.6331168831168831, 0.4784592966272266, 0.8296449208495937
0.6298701298701299, 0.5666741190810763, 0.7881450498450964
0.6233766233766234, 0.643717240249882, 0.7900417748417273
0.6136363636363636, 0.7212709568631879, 0.7810224057182423
0.6006493506493507, 0.7963966732155723, 0.6024595648149041
0.5876623376623377, 0.823453548125901, 0.6024594258770809
0.5735930735930735, 0.8505103856343817, 0.6024599775452429
0.5584415584415584, 0.8775673716510815, 0.6024572083850307
0.5432900432900433, 0.9046236122141215, 0.42098021347117087
0.5281385281385281, 0.8828265255688581, 0.40144138362715015
0.5140692640692641, 0.8557696160568425, 0.26666875488085146
0.5010822510822511, 0.7924321226945634, 0.12621008996144562
0.49242424242424243, 0.691283373311617, 0.21539747334826626
0.487012987012987, 0.6141437300168389, 0.2140689771932656
0.48593073593073594, 0.5366464576055656, 0.21731301943602993
0.487012987012987, 0.46002247636399995, 0.30085111096712386
0.49134199134199136, 0.40588682055378117, 0.40144136938423586
0.4967532467532468, 0.37882990720759513, 0.4014412413371348
0.5032467532467533, 0.3517729593913271, 0.5130126583357968
0.5097402597402597, 0.35475086499720715, 0.6382857661881178
0.5151515151515151, 0.39145209807616743, 0.7288258847472101
0.5173160173160173, 0.4525265914658655, 0.7414582048605389
0.011904761904761904, 0.5170016859520795, 0.18554591577368731
0.015151515151515152, 0.431826049386856, 0.21523198578749428
0.021645021645021644, 0.354641857095886, 0.21427368776634903
0.031385281385281384, 0.2771996924552402, 0.28387458749192435
0.04329004329004329, 0.2184939827018919, 0.4014416351192451
0.05627705627705628, 0.19143714089116065, 0.4014415500720474
0.07034632034632035, 0.16438027618585488, 0.40144148759330855
0.08441558441558442, 0.137323394661369, 0.4014414338308752
0.09956709956709957, 0.110266498664119, 0.4014413802955721
0.11471861471861472, 0.0832095882552479, 0.40144131867476657
0.12987012987012986, 0.05615266125815095, 0.4173797974303694
0.14502164502164502, 0.03338634816624713, 0.448235655688239
0.16017316017316016, 0.01892638454018197, 0.4695088705257604
0.17532467532467533, 0.010193137546840843, 0.4836321143583608
0.19047619047619047, 0.005261846016362591, 0.4922045428410691
0.20562770562770563, 0.0026382390154541615, 0.4969806793638442
0.22077922077922077, 0.001300360602069523, 0.49947997845523534
0.23593073593073594, 6.35289650375027E-4, 0.5007357056586723
0.2510822510822511, 3.082585256183362E-4, 0.5013591389906185
0.2662337662337662, 1.4905469253894153E-4, 0.5016643278997416
0.2813852813852814, 7.200724321946469E-5, 0.501812214517748
0.29653679653679654, 3.4770643438398395E-5, 0.5018837315415017
0.3116883116883117, 1.6786316178489916E-5, 0.5019182827728378
0.3268398268398268, 8.103127119112508E-6, 0.501934967201426
0.341991341991342, 3.911360509661579E-6, 0.501943022088765
0.35714285714285715, 1.8879571518826406E-6, 0.5019469103861061
0.3722943722943723, 9.112774428987593E-7, 0.501948787264898
0.3874458874458874, 4.3985061069721055E-7, 0.5019496932097618
0.4025974025974026, 2.1230273897314167E-7, 0.5019501304920555
0.41774891774891776, 1.0247058642729884E-7, 0.5019503415586016
0.4329004329004329, 4.945722265846164E-8, 0.5019504434354856
0.44805194805194803, 2.3868958980973744E-8, 0.5019504926090051
0.46320346320346323, 1.151813095945486E-8, 0.5019505163438633
0.47835497835497837, 5.55669014199546E-9, 0.7297669573369293
0.4935064935064935, 0.06132783423648458, 0.6154843598697666
0.5086580086580087, 0.09189096389242617, 0.7904111271274061
0.5227272727272727, 0.169544109571526, 0.9975506435822221
0.5313852813852814, 0.3029588936882707, 0.796569959658831
0.5367965367965368, 0.3822699875884201, 0.7891530221816783
0.5378787878787878, 0.45958445335602366, 0.7872070870448625
0.5367965367965368, 0.5363750763852675, 0.7286557260517182
0.5324675324675324, 0.5974037633165098, 0.6024596638627336
0.5270562770562771, 0.6244606648903614, 0.6024597052965124
0.8051948051948052, 0.6515175776181226, 0.7899269647577963
0.7943722943722944, 0.7290403875338618, 0.7673110340381973
0.7813852813852814, 0.8004750237717783, 0.6024594016367881
0.7673160173160173, 0.82753185475481, 0.6024598105148015
0.7532467532467533, 0.8545887958071721, 0.602459640906523
0.7380952380952381, 0.8816456912012473, 0.6024597072329541
0.7229437229437229, 0.9087026044502955, 0.602459548800564
0.7077922077922078, 0.9357594750495885, 0.5997743511985554
0.6926406926406926, 0.9620934945947732, 0.5628199968090628
0.6774891774891775, 0.9784794589188627, 0.5385572841433584
0.6623376623376623, 0.9883339384044395, 0.5227016591191201
0.6471861471861472, 0.9939201080815531, 0.5130829314002467
0.6320346320346321, 0.9969169310880279, 0.5076913276313222
0.6168831168831169, 0.9984623426733154, 0.504840478466165
0.6017316017316018, 0.9992403100591156, 0.5033841593324561
0.5865800865800865, 0.999626238579645, 0.5026579488397017
0.5714285714285714, 0.9998166723552816, 0.5022986562421122
0.5562770562770563, 0.9999103851176464, 0.5021212016459379
0.5411255411255411, 0.9999563273763413, 0.27413489602034674
0.525974025974026, 0.9386287076966426, 0.3917038805586227
0.5108225108225108, 0.9089504773730036, 0.23460095558306276
0.4967532467532468, 0.8369803818856522, 0.009356162067070796
0.487012987012987, 0.7043747352926263, 0.2160809997224634
0.4816017316017316, 0.627419096243841, 0.21449061139436362
0.47943722943722944, 0.5500353271093783, 0.2165843453523885
0.4805194805194805, 0.47321518792805145, 0.2613859053310538
0.48484848484848486, 0.4084555596126836, 0.40144128805905716
0.4902597402597403, 0.3813986243738849, 0.4014413716815188
0.4967532467532468, 0.3543417116461238, 0.4014412413371348
0.5043290043290043, 0.3272847638298558, 0.5223865830061061
0.5119047619047619, 0.33278611550316717, 0.6824311568315033
0.5173160173160173, 0.3813712196747878, 0.75770745668606
0.5194805194805194, 0.4502205876974307, 0.7877363399669108
0.5183982683982684, 0.5271536847972257, 0.7139057188123638
0.5151515151515151, 0.5842116925229243, 0.5035778815825537
0.5108225108225108, 0.5846497707744762, 0.4296645311260316
0.5075757575757576, 0.565190489051402, 0.360801734382519
0.5064935064935064, 0.5271934486257078, 0.4201855365355785
0.5064935064935064, 0.5051824361747087, 0.42973764076805193
0.5064935064935064, 0.48574283545453734, 0.44358034107071015
0.5075757575757576, 0.47002966831154325, 0.4804819096251972
0.5086580086580087, 0.4642503465242524, 0.5192955979317257
0.5097402597402597, 0.4689196097815838, 0.5524868742146923
0.5097402597402597, 0.4825239134360887, 0.5420951147302454
0.5097402597402597, 0.49333077146061366, 0.5378367201856871
0.5097402597402597, 0.5029912762398353, 0.5376610220630081
0.5097402597402597, 0.5126044833553438, 0.532781540481293
0.5097402597402597, 0.5209041415528115, 0.529391725744956
0.5086580086580087, 0.528291266850071, 0.4926758235441704
0.5075757575757576, 0.5257945278877615, 0.45870084461825933
0.5075757575757576, 0.5141517769852025, 0.4653052107275884
0.5075757575757576, 0.504286911255889, 0.4662400549150225
0.8506493506493507, 0.4946737041403805, 0.8103936181237352
0.8474025974025974, 0.5777061055843448, 0.7886384244666388
0.8398268398268398, 0.6548820424405267, 0.7898569423878826
0.829004329004329, 0.7323860024422539, 0.7605871320174371
0.816017316017316, 0.8020105746238824, 0.6024599067581523
0.801948051948052, 0.8290675415848063, 0.6024594526047627
0.7878787878787878, 0.856124386288338, 0.6024596388001451
0.7727272727272727, 0.8831812811153795, 0.6024597405031322
0.7575757575757576, 0.9102382033207082, 0.6024594173297367
0.7424242424242424, 0.9372950385282574, 0.5976120105879446
0.7272727272727273, 0.9630469593152158, 0.561459075564408
0.7121212121212122, 0.9790665657386722, 0.5376449025484681
0.696969696969697, 0.9886754335057215, 0.522128626322153
0.6818181818181818, 0.9941073436374608, 0.5127506601364852
0.6666666666666666, 0.9970147197320659, 0.507511801538943
0.6515151515151515, 0.998511803170099, 0.504748216555131
0.6363636363636364, 0.9992649337917092, 0.5033378917872462
0.6212121212121212, 0.9996384071604092, 0.5026350096939683
0.6060606060606061, 0.9998226657533844, 0.5022873379270156
0.5909090909090909, 0.9999133316427773, 0.5021155931261684
0.5757575757575758, 0.9999577640965982, 0.5020309995585039
0.5606060606060606, 0.9999794240924401, 0.5019897486577997
0.5454545454545454, 0.999989979409418, 0.3195693944627782
0.5303030303030303, 0.9508932566541853, 0.3678119519249157
0.5151515151515151, 0.914783355981729, 0.27831782370096014
0.5010822510822511, 0.854581773983923, 0.12621008996144562
0.4902597402597403, 0.7534330246009767, 0.11740662849695314
0.4837662337662338, 0.6499143969659983, 0.21408253032414845
0.4805194805194805, 0.572420773036661, 0.21549267049068946
0.4805194805194805, 0.49530675666583707, 0.23534637821401178
0.4837662337662338, 0.4235373278013571, 0.4014415677177607
0.4880952380952381, 0.3964804678462502, 0.40144133934382786
0.4945887445887446, 0.3694235464132328, 0.40144156852271135
0.5021645021645021, 0.3423666866748173, 0.5003231953954774
0.5097402597402597, 0.3419286084232652, 0.6395931541122081
0.5151515151515151, 0.3789817883155066, 0.7288258847472101
0.5173160173160173, 0.44005628170520467, 0.75770745668606
0.5173160173160173, 0.5089056497278475, 0.6977114648546172
0.5151515151515151, 0.56160418925832, 0.5035778815825537
0.512987012987013, 0.5620422675098721, 0.48527979041847075
0.5108225108225108, 0.5575545278341953, 0.4331613879858292
0.5097402597402597, 0.5390365945859147, 0.5226499639176669
0.5075757575757576, 0.5446088479945067, 0.4410539823988172
0.5064935064935064, 0.5282155889924752, 0.41912366967574155
0.5064935064935064, 0.5059187236201189, 0.4293032682839086
0.5064935064935064, 0.4863621904969825, 0.443341356143481
0.5075757575757576, 0.47058468898007333, 0.48029959115526927
0.5086580086580087, 0.4647562873417979, 0.5188497765109021
0.5097402597402597, 0.4693055361600634, 0.5521323920509336
0.5097402597402597, 0.48281441376266643, 0.5419108353319004
0.5097402597402597, 0.49357166405730035, 0.5378139378849137
0.5097402597402597, 0.5032260358762823, 0.5376610220630081
0.5097402597402597, 0.5128392429917908, 0.5326746587142185
0.5097402597402597, 0.521110128782365, 0.5293151498894588
0.5086580086580087, 0.5284766399773981, 0.49257658794220066
0.5075757575757576, 0.5259531869440517, 0.458584120861663
