-460,0.0,-1.2181476704232927
-446,-1.2181476704232927,-0.6660100767422871
-432,-1.8841577471655797,-0.3460879347631032
-418,-2.230245681928683,-0.1739160372612914
-404,-2.4041617191899745,-0.08583300240311796
-390,-2.489994721593092,-0.04202738865159115
-376,-2.5320221102446836,-0.02036240745903116
-362,-2.5523845177037146,-0.009846461056299662
-348,-2.562230978760014,-0.004756859004843689
-334,-2.5669878377648576,-0.0022970021272259228
-320,-2.5692848398920836,-0.0011089355741753242
-306,-2.5703937754662585,-5.353092713213067E-4
-292,-2.57092908473758,-2.583930196561266E-4
-278,-2.571187477757236,-1.2472283021292902E-4
-264,-2.571312200587449,-6.0201305403706036E-5
-250,-2.5713724018928525,-2.905784052866227E-5
-236,-2.571401459733382,-1.4025538514143433E-5
-222,-2.5714154852718956,-6.7697895174327194E-6
-208,-2.571422255061413,-3.2676121600334124E-6
-194,-2.571425522673573,-1.5771961349172004E-6
-180,-2.5714270998697075,-7.612737203100509E-7
-166,-2.571427861143428,-3.674480459197731E-7
-152,-2.5714282285914742,-1.773581007031725E-7
-138,-2.571428405949575,-8.560637377114633E-8
-124,-2.5714284915559484,-4.1320083297836086E-8
-110,-2.571428532876032,-1.994418271687659E-8
-96,-2.571428552820214,-9.626563570244337E-9
-82,-2.5714285624467776,-4.646505457453289E-9
-68,-2.571428567093283,-2.24275406237755E-9
-54,-2.5714285693360375,-1.0825226495796429E-9
-40,-2.5714285704185595,9.673553941662995E-16
-26,-2.571428570418559,11.332993848478207
-12,8.761565278059647,5.647872486373969
2,14.409437764433616,15.40929763852201
15,29.81873540295563,24.776050910127754
23,54.59478631308339,14.305770424050786
28,68.90055673713418,14.257168831168912
29,83.15772556830308,14.177647079509377
28,97.33537264781246,10.489611819066575
24,107.82498446687906,4.999943577498915
19,112.82492804437797,4.9999415099716495
12,117.82486955434963,4.999942693409746
4,122.82481224775937,-1.0824569905500396
-3,121.74235525720933,-8.83105753279361
-8,112.91129772441572,-12.722925965311267
-10,100.18837175910446,-14.211375967920022
-9,85.97699579118444,-10.659102747790977
-6,75.31789304339344,-0.08095407876041691
-3,75.23693896463301,2.4682786486721957
0,77.70521761330521,5.84444441962507
1,83.54966203293027,2.6508637175146212
-79,86.20052575044488,-14.263618708202163
-75,71.93690704224272,-14.316184650424445
-67,57.62072239181828,-14.244065830590769
-57,43.376656561227506,-4.9999133470834325
-46,38.37674321414408,-4.99982142857142
-34,33.376921785572655,2.8546851830057736
-22,36.231606968578426,4.999904564766067
-11,41.23151153334449,4.9998786122798355
-1,46.231390145624324,11.891688339880083
6,58.123078485504415,11.286178509444932
11,69.40925699494935,14.265175561084618
12,83.67443255603396,14.169994335664832
10,97.8444268916988,9.842840803331738
6,107.68726769503054,0.08095407876042368
2,107.76822177379094,-3.6437615950227213
-1,104.12446017876822,-6.9223808984055655
-2,97.20207928036265,-4.828662997246008
-2,92.37341628311667,-3.6446654636077374
-2,88.72875081950892,-3.1429410937960047
-1,85.5858097257129,-1.1909792090010163
0,84.39483051671189,0.638710096806987
1,85.03354061351888,2.295220012048538
1,87.32876062556741,1.8758906766887689
-53,89.20465130225618,-14.888099435944062
-49,74.31655186631211,-14.175166400850692
-42,60.14138546546142,-14.114566115702528
-32,46.026819349758895,0.9401394603475427
-22,46.96695881010644,2.3834697063918955
-13,49.35042851649833,-0.2666256757052333
-4,49.083802840793105,6.375579731459862
4,55.45938257225296,10.503773195299813
10,65.96315576755278,14.25167282712015
12,80.21482859467294,14.222791980019652
11,94.43762057469259,12.433298637540814
7,106.8709192122334,0.8660356900104705
3,107.73695490224387,-2.471984318099952
0,105.26497058414392,-5.821087481009077
-2,99.44388310313484,-6.342970597444596
-2,93.10091250569023,-3.7221234487600876
-2,89.37878905693015,-3.2785519284296485
-1,86.1002371285005,-1.2453245730535225
0,84.85491255544699,0.5669088444494045
1,85.42182139989639,2.2149993933686543
1,87.63682079326506,1.827571021393072
1,89.46439181465811,1.776459623850053
1,91.24085143850816,1.6562483076583732
1,92.89709974616655,1.4491849172752023
0,94.34628466344175,-0.36173439144055236
-1,93.98455027200119,-2.037206749359366
-1,91.94734352264183,-1.801583286163474
-1,90.14576023647837,-1.7764596238500656
-1,88.3693006126283,-1.529724837457783
-1,86.83957577517052,-1.3298182949661193
0,85.5097574802044,0.46847946489082826
1,85.97823694509522,2.1075592538404746
1,88.08579619893571,1.8018299602694152
1,89.88762615920511,1.776459623850053
-193,91.66408578305516,-15.38527228828215
-190,76.27881349477302,-14.274587954498235
-183,62.00422554027478,-14.301401275136762
-173,47.70282426513802,-9.620012469859464
-162,38.08281179527856,-4.999932178909563
-150,33.08287961636899,-4.999936531819092
-137,28.0829430845499,-4.999939699238581
-124,23.083003385311315,-4.999942402094912
-110,18.083060983216406,-4.999945071998976
-96,13.08311591121743,-4.999948120050869
-82,8.083167791166563,-4.306717608910825
-68,3.776450182255737,-2.739349918074461
-54,1.0371002641812757,-1.6599797132816574
-40,-0.6228794491003817,-0.08664172067393801
-26,-0.7095211697743198,10.313371806926968
-12,9.603850637152648,5.210263138673363
2,14.81411377582601,15.405795947058603
14,30.219909722884612,24.73320378043324
22,54.953113503317844,14.212895570248591
27,69.16600907356644,14.272866386946363
28,83.4388754605128,14.173093181566934
27,97.61196864207974,10.153439578134247
23,107.76540822021398,4.999931785905038
18,112.76534000611902,4.9999464031763585
12,117.7652864092954,4.999942693409746
4,122.76522910270513,-1.0824569905500396
-3,121.68277211215509,-8.83105753279361
-8,112.85171457936148,-12.722925965311267
-10,100.12878861405021,-14.210549232993616
-9,85.9182393810566,-10.649240316767171
-6,75.26899906428942,-0.08095407876041691
-3,75.18804498552899,2.4703646340268195
0,77.65840961955581,5.843532277350121
1,83.50194189690593,2.6628869340394834
2,86.16482883094542,3.8594579516727245
2,90.02428678261815,3.4688023602494784
390,93.49308914286763,14.273084635430308
386,107.76617377829793,14.298018336988427
379,122.06419211528636,14.291877725040976
369,136.3560698403273,9.82959519818928
357,146.1856650385166,4.99992536972758
344,151.18559040824417,4.999946727954845
331,156.18553713619903,4.999942911274846
317,161.18548004747387,4.999948453763485
303,166.18542850123737,4.999918932206643
289,171.18534743344398,4.550732203300063
275,175.73607963674405,2.8276689477333457
261,178.5637485844774,1.687371370171964
247,180.25111995464937,0.9484535424418725
233,181.19957349709125,0.5055293918935406
219,181.70510288898478,0.25955812783223015
205,181.96466101681702,0.13040424201930564
191,182.0950652588363,0.0646234554328613
177,182.1596887142692,0.03187337481619719
163,182.1915620890854,0.01568088697302164
149,182.20724297605847,0.007678909206994022
135,182.21492188526545,0.003743167460951973
121,182.2186650527264,0.001824077206773998
107,182.22048912993316,8.887527648537691E-4
93,182.22137788269805,4.329985482000376E-4
79,182.22181088124623,2.1094837754614468E-4
65,182.2220218296238,1.0276808797074178E-4
51,182.22212459771174,5.0065277839444E-5
37,182.22217466298963,-6.6243927564343705
23,175.59778190655524,-7.904702927481402
9,167.69307897907382,-7.465916878431979
-5,160.22716210064183,-17.15345817465245
-16,143.0737039259894,-24.24526346224758
-23,118.82844046374183,-14.319809730816528
-26,104.5086307329253,-14.265275999026155
-26,90.24335473389914,-13.572844456735616
-23,76.67051027716353,-4.999937258304066
-19,71.67057301885946,-4.999938793308076
-14,66.67063422555138,-4.9999312975105115
-447,61.670702928040875,-14.297831281500642
-437,47.37287164654024,-9.155446808985642
-426,38.217424837554596,-4.999908510990511
-414,33.21751632656408,-4.9999325657766
-401,28.217583760787484,-4.999942649284126
-388,23.217641111503355,-4.999943470573084
-374,18.217697640930275,-4.999936014034175
-360,13.2177616268961,-4.99992066404593
-346,8.21784096285017,-4.355101447283852
-332,3.8627395155663193,-2.7717406643126346
-318,1.0909988512536843,-1.6824249854843485
-304,-0.591426134230664,-0.9550566416685563
-290,-1.5464827758992203,-0.5100840236852494
-276,-2.05656679958447,-0.260842092024721
-262,-2.317408891609191,-0.12984854246104355
-248,-2.447257434070234,-0.06388770128004795
-234,-2.511145135350282,-0.03113108218854607
-220,-2.542276217538828,-0.015068352260473563
-206,-2.5573445697993016,-0.0072829942823561524
-192,-2.5646275640816576,-0.003517627620985913
-178,-2.5681451917026434,-0.0016984099261274713
-164,-2.5698436016287705,-8.199059261268006E-4
-150,-2.570663507554898,-3.9577756264954906E-4
-136,-2.571059285117547,-1.9103886256296738E-4
-122,-2.57125032398011,-9.221132639132289E-5
-108,-2.571342535306501,-4.450849901807167E-5
-94,-2.5713870438055193,-2.148323910590469E-5
-80,-2.571408527044625,-1.036944887886182E-5
-66,-2.571418896493504,-5.0050814922645995E-6
-52,-2.571423901574996,-2.4158302861580574E-6
-38,-2.5714263174052827,4.696960319441106
-24,2.125534002035823,8.882624677163314
-10,11.008158679199138,4.9999501148346654
4,16.008108794033802,16.637917954628595
16,32.6460267486624,24.61227251792026
24,57.25829926658266,14.238450268771626
28,71.49674953535428,14.257168831168912
29,85.7539183665232,14.24027891579871
27,99.9941972823219,5.02030693332831
24,105.01450421565022,4.999949468012261
19,110.01445368366248,4.999948047761568
13,115.01440173142403,4.999935848248545
6,120.0143375796726,0.08095407876042368
-1,120.09529165843303,-6.78364887081087
-6,113.31164278762216,-11.286178509444849
-9,102.02546427817731,-13.476224927106871
-9,88.54923935107044,-11.124571802042752
-6,77.42466754902767,-0.08095407876041691
-3,77.34371347026726,2.3610224601472254
-1,79.70473593041449,4.702149264358345
0,84.40688519477283,0.6368008215583799
-395,85.04368601633121,-14.223869012006588
-391,70.8198170043246,-14.323368518174501
-383,56.49644848615011,-14.226290184572175
-372,42.270158301577936,-4.999914031978129
-361,37.27024426959981,-4.999925676580176
-349,32.27031859301963,-4.999932875852333
-336,27.270385717167297,-4.9999382541498205
-323,22.270447463017476,-4.99994294925664
-309,17.270504513760837,-4.9999476893531005
-295,12.270556824407734,-4.999953223958408
-281,7.270603600449328,-4.015229851144028
-267,3.2553737493053,-2.541727022105237
-253,0.7136467272000632,-1.524655168673625
-239,-0.8110084414735619,-0.8550274492237241
-225,-1.6660358906972859,-0.4524858831724545
-211,-2.11852177386974,-0.22996275154155274
-197,-2.3484845254112927,-0.11410586061712921
-183,-2.462590386028422,-0.05606626207939533
-169,-2.5186566481078176,-0.027258040893382244
-155,-2.5459146890012,-0.013189094611306598
-141,-2.5591037836125063,-0.006373613843847572
-127,-2.565477397456354,-0.00307815216716304
-113,-2.5685555496235173,-0.0014861599533894999
-99,-2.5700417095769073,-7.174287207879644E-4
-85,-2.570759138297695,-3.463074978871858E-4
-71,-2.5711054457955824,-1.671592883378052E-4
-57,-2.5712726050839203,-8.068487393688312E-5
-43,-2.5713532899578575,-3.894487851535322E-5
-29,-2.571392234836373,11.332973102046436
-15,8.761580867210064,5.647864531007625
-6,14.409445398217688,11.124870027867116
7,25.534315426084806,18.657172503242354
17,44.19148792932715,23.649047618731288
22,67.84053554805844,14.32730578512399
24,82.16784133318242,14.193348272324643
23,96.36118960550708,11.41297000716659
19,107.77415961267367,4.999933519751617
14,112.77409313242526,4.999931297510521
8,117.77402442993579,1.882804852096194
1,119.65682928203199,-4.740958180184413
-5,114.91587110184759,-10.612553326509062
-8,104.30331777533851,-12.722925965311267
-8,91.58039181002725,-10.79195188570777
-6,80.78843992431948,-2.0059366724801357
-4,78.78250325183934,0.9728353095714903
-2,79.75533856141084,3.4696287811316404
-1,83.22496734254248,-0.9214727701686205
1,82.30349457237386,2.9828579809948503
2,85.28635255336872,4.073202499395211
2,89.35955505276392,3.60827798993863
2,92.96783304270255,2.985693424243862
1,95.95352646694643,1.1717971177512643
0,97.12532358469771,-0.8278527673379018
-1,96.2974708173598,-2.5397605840076607
-1,93.75771023335214,-1.996993264943524
-1,91.7607169684086,-1.7951142812703955
-1,89.96560268713823,-1.7764596238500656
-1,88.18914306328816,-1.5039961157184216
-1,86.68514694756975,-1.311465488772315
0,85.37368145879742,0.48864767997210456
1,85.86232913876952,2.129250007595353
1,87.99157914636488,1.8056744212515243
1,89.79725356761641,1.776459623850053
1,91.57371319146645,1.6092639629831242
1,93.18297715444957,1.4176793964975698
0,94.60065655094715,-0.39710921957492595
-1,94.20354733137222,-2.0772737830233474
-305,92.12627354834888,-15.503496143559076
-302,76.6227774047898,-14.270529360652622
-296,62.35224804413718,-14.304974916790261
-286,48.04727312734692,-10.083126465625492
-275,37.96414666172142,-4.99992883653414
-263,32.96421782518728,-4.999944190497849
-250,27.964273634689437,-4.999948080818433
-237,22.964325553871003,-4.999943661549087
-223,17.964381892321917,-4.999934800923099
-209,12.964447091398815,-4.999924712354682
-195,7.9645223790441335,-4.264239864641472
-181,3.7002825144026623,-2.7107189342860716
-167,0.9895635801165905,-1.640250831142152
-153,-0.6506872510255615,-0.9281561735742305
-139,-1.578843424599792,-0.49454962575963973
-125,-2.073393050359432,-0.25246544261157994
-111,-2.3258584929710118,-0.12557080897175718
-97,-2.451429301942769,-0.0617602896443224
-83,-2.5131895915870914,-0.030077100586117345
-69,-2.5432666921732086,-0.014556815301441265
-55,-2.5578235074746503,-0.0070354290311836565
-41,-2.564858936505834,-2.350672787215927E-15
-27,-2.564858936505836,11.329243266816748
-13,8.764384330310913,5.64643384791631
1,14.410818178227222,14.877346921971034
14,29.288165100198256,24.73320378043324
22,54.02136888063149,14.46673420655322
27,68.48810308718471,14.272866386946363
28,82.76096947413107,14.18401179511185
27,96.94498126924292,10.909783208924967
23,107.85476447816788,4.99994946134264
18,112.85471393951052,4.9999464031763585
11,117.85466034268688,4.999952124476363
-71,122.85461246716325,-24.640806544612996
-73,98.21380592255025,-19.615024935346707
-71,78.59878098720354,-14.245365605436191
-65,64.35341538176736,-14.287222268842108
-56,50.066193112925255,-12.091506882729993
-45,37.97468623019526,-4.999966386554634
-33,32.97471984364062,3.4761847789963376
-21,36.450904622636955,4.9999225279869846
-10,41.450827150623944,4.9999088389123925
0,46.45073598953634,12.461762368129312
7,58.91249835766564,11.98710701929138
11,70.89960537695701,14.265175561084618
12,85.16478093804164,14.228311679405724
10,99.39309261744737,6.849769101094489
6,106.24286171854186,0.08095407876042368
2,106.32381579730227,-3.6156574250464844
-1,102.7081583722558,-6.981398244482396
-2,95.72676012777339,-4.332028795835551
-2,91.39473133193785,-3.613923122460479
-2,87.78080820947737,-2.9706581507871035
-1,84.81015005869025,-1.1153005157702904
-327,83.69484954291997,-14.170852080554038
-322,69.52399746236591,-14.329477332456538
-314,55.19452012990937,-14.20449019331058
-303,40.990029936598795,-4.999879356645018
-291,35.99015057995378,-4.999918349464289
-279,30.990232230489497,-4.999936619507233
-266,25.99029561098226,-4.999943360505429
-252,20.99035225047683,-4.999941507265644
-238,15.990410743211186,-4.999931039236569
-224,10.990479703974618,-4.99991269322606
-210,5.990567010748558,-3.5544769878846343
-196,2.436090022863924,-2.2243975230837107
-182,0.2116924997802133,-1.3102035882679526
-168,-1.0985110884877392,-0.7221825805218216
-154,-1.8206936690095608,-0.37708575299933195
-140,-2.197779422008893,-0.19031658019770836
-126,-2.3880960022066016,-0.09399871855589083
-112,-2.482094720762492,-0.04609386684584637
-98,-2.528188587608338,-0.022340786179351826
-84,-2.5505293737876897,-0.010805049784843089
-70,-2.561334423572533,-0.005220406896668726
-56,-2.566554830469202,-0.002520946330029468
-42,-2.5690757767992314,-0.001217074818225227
-28,-2.5702928516174564,11.332345403627878
-14,8.762052552010422,5.647623822470785
0,14.409676374481206,14.349809513480073
13,28.759485887961283,24.654204820545
21,53.41369070850629,14.656107407759796
26,68.06979811626609,14.287222268842093
27,82.35702038510817,14.190416789804768
26,96.54743717491294,11.277594310683341
22,107.82503148559627,4.999943586794159
17,112.82497507239043,4.99994564034308
10,117.82492071273352,4.999950114834666
2,122.82487082756819,-3.6137574160119446
-5,119.21111341155623,-10.612553326509062
-9,108.59856008504717,-13.482115926659837
-415,95.11644415838734,-16.569446190425126
-413,78.5469979679622,-14.246083732996148
-407,64.30091423496606,-14.321569675419887
-398,49.97934455954616,-12.034038307740774
-387,37.94530625180539,-4.999914638021936
-375,32.94539161378346,-4.999935907982507
-362,27.94545570580095,-4.999944108217311
-349,22.94551159758364,-4.999943365667693
-335,17.945568231915946,-4.999934339075985
-321,12.945633892839961,-4.999920991392898
-307,7.945712901447062,-4.2574914266855135
-293,3.688221474761549,-2.7061763580668567
-279,0.982045116694692,-1.6371273027733801
-265,-0.655082186078688,-0.9261582441113827
-251,-1.5812404301900709,-0.49339798811741975
-237,-2.0746384183074906,-0.2518451503794834
-223,-2.326483568686974,-0.12525427314592652
-209,-2.4517378418329008,-0.06160293177769208
-195,-2.513340773610593,-0.029999156480636387
-181,-2.543339930091229,-0.014518989931543744
-167,-2.5578589200227726,-0.007017123834098443
-153,-2.5648760438568714,-0.0033891332124731006
-139,-2.568265177069344,-0.0016363502638140738
-125,-2.5699015273331582,-7.899422625787056E-4
-111,-2.570691469595737,-3.813127453095955E-4
-97,-2.5710727823410466,-1.840565638760172E-4
-83,-2.5712568389049224,-8.884102943185577E-5
-69,-2.5713456799343546,-4.2881713404052336E-5
-55,-2.5713885616477583,-2.0698023695937333E-5
-41,-2.571409259671454,-2.350672787215927E-15
-27,-2.5714092596714564,11.33298282266817
-13,8.761573562996713,5.647868258452407
1,14.409441821449121,14.87734913974172
14,29.28679096119084,24.73320378043324
22,54.019994741624075,14.467140140163432
27,68.4871348817875,14.272866386946363
28,82.76000126873387,14.18402705698947
27,96.94402832572334,10.91073527715248
23,107.85476360287582,4.999949461169807
18,112.85471306404563,4.9999464031763585
-347,117.85465946722198,-24.959642193717837
-347,92.89501727350414,-15.718306256909464
-344,77.17671101659468,-14.26377491386125
-338,62.91293610273343,-14.310361014213557
-329,48.60257508851987,-10.786688910406708
-318,37.81588617811316,-4.999928399966668
-306,32.8159577781465,-4.999934359602153
-293,27.816023418544344,-4.999938732468772
-280,22.81608468607557,-4.999942490172781
-266,17.81614219590279,-4.999946226680679
-252,12.816195969222111,-4.999950521686137
-238,7.816245447535973,-4.21103563652395
-224,3.605209811012023,-2.6747860231356206
-210,0.9304237878764022,-1.6156689478722714
-196,-0.685245159995869,-0.9124352652372184
-182,-1.5976804252330874,-0.48549553701441056
-168,-2.083175962247498,-0.24759163110148086
-154,-2.3307675933489787,-0.12308455557393726
-140,-2.453852148922916,-0.06052454246963962
-126,-2.5143766913925556,-0.02946505534314251
-112,-2.543841746735698,-0.014259811072930225
-98,-2.558101557808629,-0.006891700250543724
-84,-2.5649932580591726,-0.003328518496237257
-70,-2.56832177655541,-0.0016070753340893694
-56,-2.569928851889499,-7.75807849057591E-4
-42,-2.5707046597385568,-3.744894509059919E-4
-28,-2.5710791491894627,11.33279434154333
-14,8.761715192353867,5.647795982875559
0,14.409511175229426,14.349808579455352
13,28.75931975468478,24.654204820545
21,53.41352457522977,14.656162193345793
26,68.06968676857556,14.287222268842093
27,82.35690903741765,14.190418638499928
26,96.54732767591757,11.277677090546483
22,107.82500476646406,4.999943581512
17,112.82494834797606,4.99994564034308
10,117.82489398831916,4.999950114834666
2,122.82484410315384,-3.6137580630040573
-5,119.21108604014978,-10.612553326509062
-9,108.59853271364072,-13.482115926659837
-10,95.11641678698089,-14.217932829485534
-8,80.89848395749534,-4.0960152322881
-5,76.80246872520723,0.5502980440261809
-2,77.35276676923341,3.561472883148001
0,80.91423965238143,3.1042939868746977
182,84.0185336392561,17.285681420359122
180,101.30421505961523,14.226256845594389
174,115.53047190520961,14.333073607577187
165,129.8635455127868,14.185603619679814
153,144.0491491324666,4.999919445557643
141,149.04906857802428,4.999949238596485
128,154.04901781662073,4.999942033779336
114,159.04895985040008,4.999942025231134
100,164.0489018756312,4.999930888231432
86,169.04883276386263,4.999945728303126
72,174.04877849216578,3.4736102061699805
58,177.52238869833576,2.1186803426391974
44,179.64106904097494,1.1048266162416736
30,180.7458956572166,-10.52608847442136
16,170.21980718279525,-5.122402283348114
2,165.09740489944716,-13.306121747913286
-11,151.79128315153386,-24.504681344793635
-20,127.28660180674024,-14.225429975706373
-25,113.06117183103386,-14.300029090909135
-27,98.76114274012473,-14.191432386394938
-26,84.56971035372979,-11.80645257126752
-22,72.76325778246226,-4.999937186889577
-17,67.76332059557268,-4.999945640343072
-11,62.76337495522961,-4.9999521244763585
-3,57.76342283075325,2.2837797039090555
4,60.04720253466231,10.019184040269055
9,70.06638657493137,13.48211592665979
10,83.54850250159116,14.171334656143175
8,97.71983715773435,6.474357109166602
5,104.19419426690095,-0.5502980440261839
2,103.64389622287476,-3.545222762069039
-434,100.09867346080571,-24.09122649549391
-431,76.00744696531181,-14.277728578861305
-424,61.7297183864505,-14.298474089751577
-414,47.431244296698935,-9.239208811971572
-403,38.192035484727356,-4.999889822746188
-391,33.192145661981165,-4.999921049684598
-378,28.19222461229657,-4.999937007675123
-365,23.192287604621445,-4.9999428034950935
-351,18.192344801126353,-4.999940220280638
-337,13.192404580845714,-4.999928390160137
-323,8.192476190685577,-4.345967204624848
-309,3.84650898606073,-2.765653018378436
-295,1.0808559676822942,-1.6782018617880243
-281,-0.5973458941057302,-0.9523727824470053
-267,-1.5497186765527353,-0.5085311434652064
-253,-2.058249820017942,-0.2600045788599726
-239,-2.3182543988779143,-0.12942058522065678
-225,-2.4476749840985716,-0.06367479795270674
-211,-2.511349782051278,-0.031025586048122132
-197,-2.5423753680994,-0.015017146656575928
-183,-2.557392514755976,-0.0072582116103874356
-169,-2.564650726366364,-0.003505649968433411
-155,-2.568156376334797,-0.0016926249516803413
-141,-2.569849001286477,-8.171128089888379E-4
-127,-2.5706661140954656,-3.9442919521957544E-4
-113,-2.571060543290685,-1.9038799259032678E-4
-99,-2.5712509312832754,-9.189715673957376E-5
-85,-2.5713428284400153,-4.435685457452465E-5
-71,-2.5713871852945895,-2.1410043494953407E-5
-57,-2.5714085953380845,-1.0334119028148004E-5
-43,-2.571418929457113,-4.988028612040688E-6
-29,-2.571423917485725,11.332991191803854
-15,8.761567274318129,5.647871467654803
-1,14.40943874197293,13.83137544024928
12,28.240814182222213,24.567092907092576
21,52.80790708931479,14.867504983172084
26,67.67541207248686,14.287222268842093
28,81.96263434132896,14.196543109932408
27,96.15917745126137,11.549982144036418
23,107.70915959529779,4.99992710618143
18,112.70908670147922,4.9999464031763585
12,117.70903310465559,4.999942693409746
4,122.70897579806534,-1.0824569905500396
-3,121.6265188075153,-8.83105753279361
-8,112.79546127472169,-12.722925965311267
-10,100.0725353094104,-14.209804518166917
-9,85.8627307912435,-10.640039771824338
-6,75.22269101941916,-0.08095407876041691
-3,75.14173694065873,2.4719843180999734
0,77.6137212587587,5.842672679929412
1,83.45639393868812,2.67453288037019
2,86.1309268190583,3.867016101018959
2,89.99794292007726,3.4742180184844567
2,93.47216093856173,2.9470137907293505
479,96.41917472929107,14.16612760561542
474,110.58530233490649,14.319054078531137
466,124.90435641343761,14.258443926293559
455,139.16280033973118,6.252702460323747
443,145.41550280005495,4.999953930689912
430,150.41545673074484,4.999934057472956
417,155.4153907882178,4.99994242206055
403,160.41533321027833,4.99993990288025
389,165.4152731131586,4.999953061845495
375,170.41522617500408,4.8418808931124
361,175.2571070681165,3.0128093645823415
347,178.2699164326988,1.81081656560962
333,180.08073299830843,1.0258432210676522
319,181.10657621937608,0.5500312167637117
305,181.6566074361398,0.28354762387330124
291,181.9401550600131,0.142717420067749
277,182.08287248008088,0.0707923083851298
263,182.153664788466,0.034930709311003734
249,182.188595497777,0.017189109047213737
235,182.2057846068242,0.008426202870840166
221,182.21421080969506,0.004107687626489533
207,182.21831849732155,0.002001768933932277
193,182.22032026625547,9.753440169401758E-4
179,182.22129561027242,4.7518890016419875E-4
165,182.22177079917256,2.3150346336486276E-4
151,182.22200230263596,1.1278212907708892E-4
137,182.222115084765,5.4943837450171606E-5
123,182.22217002860245,2.6766753064387773E-5
109,182.2221967953555,1.3039814823104424E-5
95,182.22220983517033,6.352529367851597E-6
81,182.22221618769967,3.094722487741624E-6
67,182.22221928242215,1.5076364442468595E-6
53,182.22222079005863,7.344656284517319E-7
39,182.22222152452426,-2.49373016963868
25,179.72849135488556,-9.988909917177526
11,169.73958143770804,-4.999918791312534
-3,164.7396626463955,-15.992443518723709
-15,148.7472191276718,-24.76660281309467
-23,123.98061631457712,-14.270084177493507
-28,109.71053213708363,-14.25716883116891
-29,95.45336330591472,-14.205085474537567
-27,81.24827783137715,-8.160535626898712
-23,73.08774220447843,-4.999945164197687
-18,68.08779704028073,-4.999946403176348
-12,63.087850637104395,-4.999942693409743
-5,58.08790794369465,0.5502980440261809
2,58.63820598772083,7.982078900931842
7,66.62028488865268,11.98710701929138
9,78.60739190794405,13.48211592665979
9,92.08950783460385,11.088973032624343
6,103.17848086722817,0.08095407876042368
3,103.2594349459886,-2.307361259098805
1,100.95207368688979,-4.696854270144561
0,96.25521941674523,-0.6435968171767275
-1,95.6116225995685,-2.369603581936807
-1,93.24201901763172,-1.9099420409615242
-1,91.33207697667018,-1.7833044994830551
-1,89.54877247718713,-1.7270277789281956
-1,87.82174469825895,-1.4545809610906206
-1,86.36716373716833,-1.2749304229473761
0,85.09223331422095,0.5307911278355054
1,85.62302444205646,2.175181453306224
1,87.79820589536268,1.8143317609797458
1,89.61253765634243,1.776459623850053
1,91.38899728019247,1.6350348757680961
1,93.02403215596057,1.4349808543141191
-256,94.45901301027469,-16.26763220140918
-253,78.1913808088655,-14.250807421468707
-247,63.940573387396796,-14.31896294630595
-238,49.62161044109085,-11.78360414126811
-227,37.83800629982274,-4.999920084648996
-215,32.838086215173746,-4.999929523152995
-202,27.838156692020746,-4.999936438792716
-189,22.83822025322803,-4.999942372728984
-175,17.838277880499046,-4.99994826419495
-161,12.838329616304096,-4.999955026214598
-147,7.838374590089497,-4.218987133368415
-133,3.6193874567210815,-2.6801648032889864
-119,0.9392226534320952,-1.6193276869679802
-105,-0.6801050335358849,-0.9147751742317769
-91,-1.5948802077676616,-0.48684203703878565
-77,-2.081722244806447,-0.24831603374407607
-63,-2.330038278550523,-0.12345396709864538
-49,-2.453492245649169,-0.06070811821256052
-35,-2.5142003638617294,8.634725479315929
-21,6.120525115454199,6.958224444596578
-7,13.078749560050777,10.290246482337938
6,23.368996042388712,17.762693425827376
17,41.131689468216095,23.94017520467462
23,65.07186467289071,14.320329559341397
25,79.3921942322321,14.234496813536165
25,93.62669104576827,12.735286567584554
21,106.36197761335283,4.9999371473917735
16,111.36191476074461,4.999938033703621
10,116.36185279444821,4.999950114834666
3,121.36180290928287,-2.471984318099952
-4,118.88981859118294,-10.019184040269108
-8,108.87063455091382,-12.722925965311267
-9,96.14770858560256,-12.355938014270778
-8,83.79177057133177,-8.091944027941278
-5,75.69982654339049,0.5502980440261809
-2,76.25012458741666,3.5940589903291613
0,79.84418357774582,5.892338071225327
1,85.73652164897116,2.153229350627429
1,87.88975099959859,1.8100885063959071
1,89.6998395059945,1.776459623850053
1,91.47629912984455,1.6228247724437974
1,93.09912390228834,1.4267728900961125
0,94.52589679238446,-0.3866630094142234
-1,94.13923378297022,-2.0653749715914707
-1,92.07385881137876,-1.8064424540774326
-1,90.26741635730133,-1.7764596238500656
-1,88.49095673345127,-1.5476185153627182
281,86.94333821808854,15.893034037744743
278,102.8363722558333,14.245655496770144
272,117.08202775260344,14.329102439252996
263,131.41113019185642,13.56668355578034
251,144.97781374763673,4.999950629371406
239,149.97776437700816,4.9999360123620695
226,154.97770038937026,4.999942693409749
212,159.97764308278,4.999946321009464
198,164.97758940378947,4.9999239742515105
184,169.97751337804095,4.999936588130039
170,174.97744996617104,3.1202497921703
156,178.09769975834132,1.8823990541972333
142,179.98009881253856,1.0710193503238943
128,181.05111816286242,0.5764803170572612
114,181.62759847991973,0.2978706201302427
100,181.92546910004995,0.15008740895456846
86,182.07555650900454,0.0744919508653674
72,182.15004845986988,0.03676565781780501
58,182.18681411768767,0.018094656577200188
44,182.20490877426488,0.00887496739524313
30,182.21378374166014,-11.3327474373717
16,170.88103630428841,-5.484262675668627
2,165.39677362861977,-13.299618199466009
-11,152.0971554291538,-24.504681344793635
-20,127.59247408436015,-14.220914457365184
-25,113.37155962699498,-14.300029090909135
-27,99.07153053608585,-14.195872786217311
-26,84.87565774986852,-11.967130053256758
-22,72.90852769661177,-4.999949806810418
-17,67.90857788980136,-4.999945640343072
-11,62.908632249458286,-4.9999521244763585
90,57.90868012498193,24.347181052300403
92,82.25586117728233,19.121889872828856
90,101.37775105011119,14.227243627358053
84,115.60499467746924,14.33298972132845
75,129.93798439879768,14.184393014235997
63,144.12237741303366,4.999951289536343
51,149.12232870257,4.999963833634704
38,154.1222925362047,1.1938501176207048
25,155.31614265382544,-4.9999312975105115
12,150.3162113563149,-4.999942693409743
0,145.31626866290517,-14.33553551604062
-9,130.98073314686457,-13.585864484398979
-15,117.39486866246556,-14.309423808320066
-18,103.08544485414549,-14.248701607805357
-18,88.83674324634015,-13.344752305580005
-15,75.49199094076013,-4.999944414997532
-10,70.4920465257626,-4.999950114834659
-4,65.49209641092794,1.0824569905500359
1,66.57455340147797,6.747259192188197
5,73.32181259366618,10.612553326509062
6,83.93436592017522,9.167355802185869
6,93.10172172236109,7.510124962476334
4,100.61184668483743,-0.7454791157530319
2,99.8663675690844,-2.957441926952304
1,96.90892564213209,1.058245463002504
-1,97.9671711051346,-2.999463840273903
-2,94.9677072648607,-4.100005181496935
-2,90.86770208336377,-3.612197400811655
-2,87.25550468255211,-2.9103881092682324
-1,84.34511657328389,-1.0731369649235736
-409,83.27197960836031,-14.175838638717222
-404,69.09614096964309,-14.330909181035624
-396,54.765231788607466,-14.131036057423033
-385,40.634195731184434,-4.99990331692544
-373,35.634292414258994,-4.999919229363746
-361,30.634373184895246,-4.999929757383561
-348,25.634443427511684,-4.999938046711153
-334,20.634505380800533,-4.999945634880997
-320,15.634559745919537,-4.999951213965942
-306,10.634608531953594,-4.999947667919572
-292,5.634660864034021,-3.425479036314473
-278,2.2091818277195485,-2.13512594052831
-264,0.07405588719123885,-1.2503935801402013
-250,-1.1763376929489626,-0.6856787878111511
-236,-1.8620164807601134,-0.3569139621321834
-222,-2.218930442892297,-0.1796382251538545
-208,-2.3985686680461513,-0.08867664469472646
-194,-2.487245312740878,-0.04344284363218753
-180,-2.530688156373065,-0.021050875846252023
-166,-2.551739032219317,-0.010180007709399334
-152,-2.561919039928716,-0.00491814418582371
-138,-2.56683718411454,-0.002374918345368404
-124,-2.569212102459909,-0.001146559634275052
-110,-2.570358662094184,-5.534731651124858E-4
-96,-2.570912135259296,-2.671611422796285E-4
-82,-2.571179296401576,-1.289551867435531E-4
-68,-2.5713082515883197,-6.224420602705946E-5
-54,-2.5713704957943464,-3.0043909067154077E-5
-40,-2.571400539703413,9.673553941662995E-16
-26,-2.5714005397034128,11.332977843852042
-12,8.76157730414863,5.647866349288962
2,14.409443653437593,15.409297586326636
15,29.818741239764233,24.776050611321924
23,54.59479185108616,14.305768944796506
28,68.90056079588265,14.257168831168912
29,83.15772962705155,14.177647009787108
28,97.33537663683867,10.48960720293037
24,107.82498383976906,4.999943577374952
19,112.82492741714401,4.999941509936672
12,117.82486892708067,4.999942693409746
4,122.82481162049044,-1.0824569905500396
-3,121.7423546299404,-8.83105753279361
-8,112.91129709714679,-12.722925965311267
-10,100.1883711318355,-14.211375958748532
-9,85.97699517308698,-10.659102643560965
-6,75.317892529526,-0.08095407876041691
-3,75.23693845076559,2.4682786706497466
0,77.70521712141534,5.844444410237489
1,83.54966153165283,2.6508638441602415
1,86.20052537581307,2.066799919850216
1,88.2673252956633,1.7951007367226368
1,90.06242603238593,1.776459623850053
1,91.83888565623597,1.5736895013222867
1,93.41257515755827,1.3933210808242458
0,94.8058962383825,-0.4260086672399096
-1,94.37988757114259,-2.110439438987878
-1,92.26944813215472,-1.8148096200800166
-1,90.45463851207471,-1.7764596238500656
-1,88.67817888822465,-1.576017535169503
-1,87.10216135305514,-1.361803920817974
0,85.74035743223716,0.4346162344365083
1,86.17497366667367,2.0714274840597704
1,88.24640115073343,1.7958375225503538
1,90.04223867328378,1.776459623850053
1,91.81869829713384,1.5763150834230697
-29,93.39501338055692,-14.240278915798706
-27,79.1547344647582,-4.9998958329642855
-23,74.15483863179392,-4.999933668107812
-18,69.1549049636861,-4.999946403176348
-12,64.15495856050977,-4.999942693409743
-5,59.155015867100026,0.5502980440261809
2,59.7053139111262,7.90984638969879
7,67.615160300825,11.98710701929138
9,79.60226732011637,13.462726660441005
9,93.06499398055738,10.922149329342368
6,103.98714330989974,0.08095407876042368
3,104.06809738866016,-2.3543238034650043
0,101.71377358519516,-5.886099689983124
-1,95.82767389521203,-2.4209053123843227
-1,93.40676858282771,-1.9370779038391865
-1,91.46969067898853,-1.7867218087827328
-1,89.68296887020578,-1.7520915755180593
-1,87.93087729468773,-1.4688656533301638
-1,86.46201164135758,-1.285624501284018
0,85.17638714007356,0.518131727648599
1,85.69451886772215,2.161286873527804
1,87.85580574124997,1.8116589444713511
1,89.66746468572133,1.776459623850053
1,91.44392430957137,1.627345529939536
1,93.0712698395109,1.4298193929306293
0,94.50108923244154,-0.38321685701473684
-184,94.1178723754268,-16.130629372675287
-181,77.98724300275153,-14.253470386370273
-175,63.73377261638125,-14.317373512521502
-166,49.416399103859746,-11.629511773469222
-155,37.78688733039053,-4.9999392803509926
-143,32.786948050039534,-4.999940693011696
-130,27.787007357027843,-4.999941737826365
-117,22.787065619201474,-4.999942644133933
-103,17.78712297506754,-4.9999435543087785
-89,12.787179420758763,-4.999944610260858
-75,7.787234810497903,-4.200594589006698
-61,3.586640221491205,-2.6677382645800582
-47,0.9189019569111464,-1.6108761086951888
-33,-0.6919741517840424,8.727682435707129
-19,8.03570828392309,6.015813563635815
-5,14.051521847558902,11.704366532625945
8,25.755888380184846,19.947434944237646
18,45.70332332442249,22.16801524825434
23,67.87133857267683,14.320329559341397
25,82.19166813201824,14.19300790745455
24,96.3846760394728,11.396344282065046
20,107.78102032153782,4.99993487859398
15,112.78095520013181,4.99992882926705
9,117.78088402939888,3.2158573582082015
2,120.99674138760707,-3.652324912414077
-4,117.344416475193,-10.019184040269108
-8,107.32523243492389,-12.722925965311267
-9,94.60230646961261,-12.756243751260836
-7,81.84606271835179,-4.707588541272173
-4,77.13847417707962,1.0824569905500359
-1,78.22093116762966,4.713681502727824
0,82.93461267035748,0.9313575366967987
1,83.86597020705429,2.5688133721476465
1,86.43478357920193,2.0251129152755896
1,88.45989649447752,1.7889166486511183
-28,90.24881314312863,-13.48990049777015
-25,76.75891264535848,-4.999914281791468
-21,71.75899836356702,-4.999940453124716
-16,66.7590579104423,-4.999938033703616
-9,61.75911987673867,-3.2158573582082375
-2,58.54326251853045,3.551716238264423
5,62.094978756794866,10.612553326509062
9,72.70753208330392,13.48211592665979
9,86.18964800996372,12.759805389221567
7,98.94945339918527,3.316858813859483
4,102.26631221304476,-0.9376529284862464
2,101.32865928455851,-3.460705710403117
0,97.86795357415541,-1.0164285794208368
-1,96.85152499473456,-2.687956567442935
-2,94.16356842729162,-3.8923197242477925
-2,90.27124870304384,-3.474560877886074
-2,86.79668782515776,-2.8663167883175915
-1,83.93037103684017,-1.0373513306783577
-213,82.89301970616181,-14.181896220228328
-208,68.7111234859335,-14.33193476521573
-200,54.37918872071776,-14.011829132021733
-189,40.367359588696026,-4.999899104061249
-177,35.367460484634776,-4.999916739865629
-165,30.367543744769144,-4.999928529611555
-152,25.367615215157596,-4.999937890172656
-138,20.36767732498494,-4.999946111912151
-124,15.367731213072787,-4.9999481620883985
-110,10.36778305098439,-4.999941356269266
-96,5.367841694715122,-3.328292455977104
-82,2.0395492387380183,-2.06765442787532
-68,-0.028105189137301666,-1.205832766282587
-54,-1.2339379554198888,-0.6585712260745716
-40,-1.8925091814944606,9.673553941662995E-16
-26,-1.8925091814944597,10.951312492727881
-12,9.058803311233422,5.49478763320933
2,14.55359094444275,15.408015628209714
14,29.961606572652467,24.73320378043324
22,54.69481035308571,14.279246719723764
27,68.97405707280947,14.272866386946363
28,83.24692345975582,14.176250218777387
27,97.42317367853322,10.38655963107603
23,107.80973330960923,4.999940561553568
18,112.8096738711628,4.9999464031763585
12,117.80962027433917,4.999942693409746
4,122.8095629677489,-1.0824569905500396
-3,121.72710597719887,-8.83105753279361
-8,112.89604844440527,-12.722925965311267
-10,100.17312247909399,-14.211152825839045
-9,85.96196965325495,-10.656569735475207
-6,75.30539991777974,-0.08095407876041691
-3,75.22444583901931,2.4688128523609745
0,77.69325869138031,5.844213041507356
1,83.53747173288765,2.6539373006235407
1,86.1914090335112,2.0684496716005896
1,88.2598587051118,1.7953635943815918
1,90.05522229949338,1.776459623850053
1,91.83168192334342,1.574626433647825
1,93.40630835699126,1.3939717756934775
0,94.80028013268473,-0.4252132033412886
-1,94.37506692934345,-2.109521760623191
-1,92.26554516872025,-1.8146351225484696
-1,90.4509100461718,-1.7764596238500656
-1,88.67445042232173,-1.5754405537622245
-1,87.0990098685595,-1.3614073135205174
0,85.73760255503899,0.4350174232178362
1,86.17261997825682,2.0718540964843206
128,88.24447407474115,15.502426197674689
125,103.74690027241583,14.256583376580295
118,118.00348364899611,14.324781998669943
108,132.3282656476661,13.107428580628081
96,145.43569422829415,4.999953595950051
83,150.4356478242442,4.999931131442266
70,155.43557895568648,4.999928571428582
56,160.43550752711505,4.999925536992834
42,165.4354330641079,4.999967532467527
28,170.43540059657542,-5.2411018191620045
14,165.19429877741342,-4.999938418494693
0,160.19436035891871,-14.377746865528499
-12,145.8166134933902,-24.522657545825965
-19,121.29395594756427,-14.299624048264242
-23,106.99433189930001,-14.290986037963469
-23,92.70334586133656,-14.216516453591005
-21,78.48682940774555,-4.999905583985574
-17,73.48692382375997,-4.9999303002098605
-12,68.48699352355011,-4.999942693409743
-6,63.48705083014037,-0.08095407876041691
0,63.40609675137995,5.773304377999732
5,69.17940112937968,10.612553326509062
7,79.79195445588874,11.98710701929138
7,91.77906147518011,8.689145505916196
5,100.46820698109632,-0.4818858077105101
3,99.9863211733858,-2.0147846452890543
1,97.97153652809675,0.7185080765957998
-1,98.69004460469256,-3.217454299721006
-2,95.47259030497156,-4.24997037448679
-2,91.22261993048475,-3.613923122460479
-2,87.60869680802426,-2.9497698900551987
-1,84.65892691796907,-1.1013021761728272
0,83.55762474179625,0.7834039030826325
1,84.34102864487889,2.4509386521470216
1,86.7919672970259,1.9636616673959153
1,88.75562896442183,1.7813099652267463
1,90.53693892964858,1.7700952727300834
1,92.30703420237866,1.5153062510953377
-162,93.822340453474,-16.02076041485218
-159,77.80158003862182,-14.25587499610451
-153,63.545705042517305,-14.315854126257161
-144,49.22985091626014,-11.481616168536547
-133,37.74823474772359,-4.999953746325067
-121,32.748281001398524,-4.999949122428147
-108,27.748331878970376,-4.999945740873996
-95,22.748386138096382,-4.999942849341248
-81,17.748443288755134,-4.999939990097732
-67,12.7485032986574,-4.999936720108098
-53,7.748566578549301,-4.095902173299348
-39,3.6526644052499533,1.9456796471130744
-25,5.598344052363029,7.2103323528821
-11,12.80867640524513,4.999952124476363
3,17.80862852972149,15.972180703957806
15,33.7808092336793,24.53665499621937
22,58.31746422989867,14.254538958109242
26,72.57200318800791,14.287222268842093
26,86.85922545685001,14.283322513122169
24,101.14254796997217,4.999953520088469
20,106.14250149006065,4.999941985141248
15,111.14244347520189,4.99992882926705
9,116.14237230446894,3.2158573582082015
2,119.35822966267713,-3.6683978168627656
-4,115.68983184581437,-10.019184040269108
-8,105.67064780554526,-12.722925965311267
-8,92.947721840234,-11.402844804544543
-6,81.54487703568945,-3.418973803145791
-3,78.12590323254365,2.311823427242112
-1,80.43772665978577,3.316740167817684
0,83.75446682760345,0.7436125064343777
1,84.49807933403783,2.414064299044462
1,86.9121436330823,1.9435764373193694
1,88.85572007040167,1.779201833608195
1,90.63492190400984,1.7533317626620573
1,92.3882536666719,1.5057925738879703
-175,93.89404624055987,-16.046737437901683
-172,77.8473088026582,-14.255282166191433
-166,63.59202663646676,-14.316239748864804
-157,49.27578688760196,-11.518748956090148
-146,37.7570379315118,-4.999950455337274
-134,32.75708747617453,-4.999947203859269
-121,27.75714027231526,-4.999944829454616
-108,22.75719544286065,-4.999942802605738
-94,17.757252640254908,-4.99994080207384
-80,12.757311838181067,-4.999938518189854
-66,7.757373319991213,-4.189845883297585
-52,3.567527436693629,-2.6604810955897
-38,0.9070463411039288,4.696960319441106
-24,5.604006660545035,7.207598899998452
-10,12.811605560543487,4.9999501148346654
4,17.811555675378152,16.637917954628595
16,34.44947363000675,24.48972587260578
23,58.93919950261253,14.263452702722937
27,73.20265220533547,14.272866386946363
27,87.47551859228183,14.152423566258143
24,101.62794215853997,4.999955938942387
20,106.62789809748236,4.9999436321744595
15,111.62784172965682,4.99992882926705
9,116.62777055892387,3.2158573582082015
2,119.84362791713207,-3.6683978168627656
-4,116.17523010026929,-10.019184040269108
-8,106.1560460600002,-12.722925965311267
-8,93.43312009468892,-11.4274860176993
-6,82.00563407698962,-4.123057476560566
-3,77.88257660042906,2.327724548705135
-1,80.21030114913418,4.013793335079065
0,84.22409448421325,0.6660844171511171
1,84.89017890136437,2.3260615697091773
1,87.21624047107355,1.8938499634729
1,89.11009043454644,1.776459623850053
1,90.88655005839648,1.7107076420661296
1,92.59725770046263,1.4819659971560704
0,94.07922369761869,-0.32503038776089294
0,93.7541933098578,-0.2808653650240565
0,93.47332794483374,-0.24302129685434581
0,93.23030664797939,-0.21042392637862004
0,93.01988272160078,-0.1822599873042891
0,92.83762273429649,-0.1578416863158572
0,92.67978104798064,-0.1367353212702904
0,92.54304572671033,-0.11845411749077478
0,92.42459160921958,-0.10254655876095477
0,92.32204505045863,-0.08877105514981139
0,92.23327399530882,-0.07685305867782952
-351,92.15642093663098,-15.511442446584825
-348,76.64497849004616,-14.270265585584706
-342,62.374712904461454,-14.305205357664143
-332,48.06950754679731,-10.112293026903394
-321,37.95721451989391,-4.999923609978887
-309,32.957290909915024,-4.9999411422294555
-296,27.957349767685567,-4.99994661895594
-283,22.95740314872963,-4.999943553346114
-269,17.957459595383515,-4.999934201185559
-255,12.957525394197953,-4.999923343668771
-241,7.957602050529182,-4.2617616618001355
-227,3.6958403887290463,-2.7090460338871853
-213,0.9867943548418606,-1.6391004640814673
-199,-0.6523061092396067,-0.9274202907378256
-185,-1.5797263999774325,-0.49412541834523255
-171,-2.073851818322665,-0.2522369446389839
-157,-2.3260887629616485,-0.12545420249275568
-143,-2.4515429654544043,-0.06170232065009077
-129,-2.513245286104495,-0.030048386542577903
-115,-2.543293672647073,-0.014542880647800531
-101,-2.557836553294873,-0.007028685484998973
-87,-2.5648652387798725,-0.003394720796617384
-73,-2.5682599595764897,-0.001639048900682209
-59,-2.569899008477172,-7.912452122224414E-4
-45,-2.5706902536893943,-3.819417364863148E-4
-31,-2.571072195425881,10.716912815194334
-17,8.145840619768455,5.960509707737821
-3,14.106350327506274,12.790949195404867
10,26.89729952291114,24.371420620024377
19,51.26872014293552,15.537530311974157
24,66.80625045490967,14.311141363636422
26,81.1173918185461,14.20947186413701
25,95.32686368268311,12.029804356368807
21,107.35666803905191,4.999945841821243
16,112.35661388087316,4.999938033703621
10,117.35655191457677,4.999950114834666
2,122.35650202941144,-3.6248227218374858
-193,118.73167930757394,-24.920803282036122
-193,93.81087602553784,-16.016646672821214
-190,77.79422935271661,-14.255973448132375
-184,63.53825590458424,-14.315793055908635
-175,49.222462848675605,-11.475602063769259
-164,37.746860784906346,-4.9999542597737605
-152,32.74690652513259,-4.999949421803949
-139,27.74695710332864,-4.99994588310945
-126,22.74701122021919,-4.999942856635484
-112,17.747068363583704,-4.99993986335622
-98,12.747128500227484,-4.999936439413371
-84,7.747192060814114,-4.186180785590872
-70,3.5610112752232426,-2.658006139803279
-56,0.9030051354199637,-1.6042599411148153
-42,-0.7012548056948515,-0.5078634749927733
-28,-1.2091182806876248,10.579022106348285
-14,9.369903825660659,5.333113962661612
0,14.703017788322272,14.351425344936773
13,29.054443133259046,24.654204820545
21,53.708647953804046,14.561551408054566
26,68.27019936185862,14.287222268842093
27,82.5574216307007,14.187214051163002
26,96.74463568186371,11.103595487919364
22,107.84823116978308,4.999948171101136
17,112.84817934088422,4.99994564034308
10,117.84812498122727,4.999950114834666
2,122.84807509606195,-3.613195414497118
-5,119.23487968156482,-10.612553326509062
-9,108.62232635505576,-13.482115926659837
-10,95.14021042839592,-14.217030624242604
-8,80.92317980415332,-4.147172002997799
-5,76.77600780115553,0.5502980440261809
-2,77.32630584518171,3.5623242881266526
0,80.88863013330835,3.173522454209909
1,84.06215258751827,2.5189454946790253
1,86.58109808219729,1.9996048592064732
1,88.58070294140376,1.7855306612470547
1,90.36623360265081,1.776459623850053
1,92.14269322650085,1.5351893727794275
-232,93.67788259928028,-15.96971416644571
-229,77.70816843283457,-14.257070088821173
-223,63.4510983440134,-14.3150774102634
-214,49.136020933750004,-11.404397867309147
-203,37.73162306644086,-4.999959950578906
-191,32.73166311586195,-4.999952740788295
-178,27.731710375073657,-4.999947460279168
-165,22.731762914794487,-4.99994293753032
-151,17.731819977264166,-4.999938457535699
-137,12.731881519728468,-4.999933325363439
-123,7.731948194365027,-4.180692910726407
-109,3.551255283638621,-2.6542999209253875
-95,0.8969553627132334,-1.6017410159964287
-81,-0.7047856532831954,-0.9035348898712643
-67,-1.6083205431544598,-0.4803773834493553
-53,-2.088697926603815,-0.24483945055745493
-39,-2.3335373771612704,2.4937301696387055
-25,0.16019279247743526,9.862374114113448
-11,10.022566906590884,4.999949012010307
3,15.02251591860119,15.972180703957806
15,30.994696622559,24.71248692264342
23,55.707183545202426,14.213211631639236
28,69.92039517684167,14.257168831168912
29,84.17756400801058,14.190579531783788
27,98.36814353979436,9.033016175132323
23,107.40115971492668,4.999954574381394
18,112.40111428930808,4.9999449885416105
12,117.40105927784968,4.999942693409746
4,122.40100197125942,-1.0824569905500396
-3,121.31854498070938,-8.83105753279361
-8,112.48748744791577,-12.722925965311267
-10,99.7645614826045,-14.205547511437665
-9,85.55901397116683,-10.589983646658085
-6,74.96903032450875,-0.08095407876041691
-3,74.88807624574834,2.4719843180999734
0,77.36006056384831,5.837966962383685
1,83.198027526232,2.741062823429223
2,85.9390903496612,3.9108351639643124
2,89.84992551362554,3.5048190334615876
2,93.35474454708712,2.9552434940446766
1,96.3099880411318,1.1468725336988985
0,97.45686057483071,-0.9105595237478274
-1,96.54630105108288,-2.6072796586982974
-2,93.93902139238457,-3.843875993496397
-2,90.09514539888818,-3.4349326185237126
-2,86.66021278036445,-2.854723290175567
-1,83.80548949018889,-1.0268789316507
0,82.77861055853819,0.9695288704226231
1,83.74813942896081,2.5996356614850114
-499,86.34777509044582,-14.268235598415336
-495,72.07953949203048,-14.315144263580045
-487,57.76439522845043,-14.246269746469741
-477,43.51812548198069,-4.999882725588557
-466,38.518242756392134,-4.999924938637331
-454,33.5183178177548,-4.999942471301889
-441,28.518375346452913,-4.999947744687851
-428,23.51842760176506,-4.999944487731211
-414,18.51848311403385,-4.999935709154837
-400,13.518547404879012,-4.999925680588071
-386,8.51862172429094,-4.463228699722362
-372,4.055393024568578,-2.844084889668014
-358,1.2113081349005639,-1.732220336830421
-344,-0.5209122019298569,-0.9869434814997258
-330,-1.5078556834295826,-0.5286009030296883
-316,-2.036456586459271,-0.27084344983924324
-302,-2.3073000362985145,-0.13496358154009488
-288,-2.4422636178386097,-0.06643358565311336
-274,-2.5086972034917228,-0.03239290225428424
-260,-2.541090105746007,-0.01568088822000258
-246,-2.5567709939660097,-0.007579469318901288
-232,-2.564350463284911,-0.00366092038729608
-218,-2.5680113836722067,-0.0017676185273177547
-204,-2.569779002199525,-8.533216373396211E-4
-190,-2.5706323238368642,-4.1190893180191655E-4
-176,-2.5710442327686662,-1.988256424074178E-4
-162,-2.5712430584110737,-9.596994464424788E-5
-148,-2.5713390283557183,-4.6322721948029694E-5
-134,-2.571385351077666,-2.2358926863180385E-5
-120,-2.571407710004529,-1.07921233987065E-5
-106,-2.5714185021279277,-5.209096429051741E-6
-92,-2.5714237112243565,-2.5143033413134885E-6
-78,-2.5714262255276976,-1.2135923923824517E-6
-64,-2.5714274391200904,-5.857711291582014E-7
-50,-2.5714280248912194,-2.827372718539695E-7
-36,-2.571428307628491,7.915584741353337
-22,5.344156433724845,7.332609430367244
-8,12.676765864092088,9.126773205404673
5,21.80353906949676,17.126736261724588
16,38.93027533122135,24.135694493925868
22,63.065969825147214,14.311745327932085
25,77.37771515307931,14.261270278564647
25,91.63898543164395,13.260208099158449
22,104.89919353080239,4.999927969343427
17,109.89912150014582,4.999932630591444
11,114.89905413073727,4.999952124476363
4,119.89900625521364,-1.0824569905500396
-3,118.81654926466359,-8.83105753279361
-8,109.98549173186996,-12.722925965311267
-9,97.2625657665587,-12.286914623902126
-8,84.97565114265659,-8.975474148557895
-229,76.00017699409868,-14.277812303644707
-222,61.72236469045397,-14.298396671795686
-212,47.423968018658286,-9.228804112395604
-201,38.195163906262685,-4.999891285980106
-189,33.19527262028258,-4.9999224683347645
-176,28.19535015194781,-4.999937702836441
-163,23.19541244911137,-4.999942885710696
-149,18.195469563400675,-4.999939701760761
-135,13.195529861639914,-4.999927191361515
-121,8.195602670278399,-4.347091475781765
-107,3.8485111944966337,-2.7664041161092108
-93,1.0821070783874227,-1.6787228630272308
-79,-0.5966157846398081,-0.9527038339571017
-65,-1.5493196185969098,-0.5087226618250411
-51,-2.0580422804219514,-0.26010785995308017
-37,-2.3181501403750313,6.624392756434318
-23,4.306242616059286,7.830498755213379
-9,12.136741371272667,7.465916878432081
5,19.60265824970475,17.126736261724588
17,36.72939451142934,24.317645656392433
24,61.04704016782177,14.29076103672318
27,75.33780120454495,14.272866386946363
27,89.61066759149132,13.631761490099212
24,103.24242908159052,4.999931310158927
20,108.24236039174944,4.999932297469789
15,113.24229268921924,4.99992882926705
437,118.2422215184863,14.32344016910076
427,132.56566168758707,12.979304213813759
415,145.54496590140081,4.999923811449124
402,150.54488971284994,4.99994749019276
389,155.5448372030427,4.999943220166198
375,160.5447804232089,4.999940499416982
361,165.54472092262586,4.999928540732413
347,170.54464946335827,4.7928551747640675
333,175.33750463812237,2.981951233848145
319,178.3194558719705,1.7901082298848594
305,180.10956410185537,1.0128327579920258
291,181.12239685984738,0.5424738353670556
277,181.66487069521443,0.27946399288275714
263,181.9443346880972,0.14061871585003563
249,182.08495340394722,0.06973974802851525
235,182.15469315197572,0.03440884887827581
221,182.18910200085404,0.01693161793551048
207,182.20603361878955,0.00829860884007813
193,182.21433222762963,0.004045445850353757
179,182.21837767347995,0.001971427363722667
165,182.2203491008437,9.605580426451025E-4
151,182.22130965888633,4.6798460409267097E-4
137,182.2217776434904,2.2799352971769447E-4
123,182.22200563702015,1.1107215483395642E-4
109,182.22211670917497,5.4110785454252686E-5
95,182.22217081996044,2.6360916955719225E-5
81,182.22219718087737,1.2842105422595707E-5
67,182.2222100229828,6.256212350893498E-6
53,182.22221627919518,3.047800273093368E-6
39,182.22221932699543,-2.49373016963868
25,179.72848915735673,-9.98890876849734
11,169.7395803888594,-4.99991879162102
-3,164.73966159723838,-15.992443518723709
-15,148.74721807851466,-24.766602737225135
-23,123.98061534128952,-14.270084189308603
-28,109.71053115198093,-14.25716883116891
-29,95.45336232081202,-14.20508550893876
-27,81.24827681187325,-8.160533667985968
-23,73.0877431438873,-4.999945164535084
-18,68.0877979793522,-4.999946403176348
-12,63.087851576175865,-4.999942693409743
-5,58.087908882766115,0.5502980440261809
2,58.63820692679229,7.9820788317935865
7,66.62028575858588,11.98710701929138
9,78.60739277787725,13.48211592665979
9,92.08950870453705,11.088972879377996
6,103.17848158391503,0.08095407876042368
3,103.25943566267546,-2.30736130319369
1,100.95207435948177,-4.696854275495564
0,96.25522008398622,-0.6435969247605915
-1,95.61162315922562,-2.369603713085207
-1,93.24201944614042,-1.9099421107692125
-1,91.3320773353712,-1.7833045080520598
-1,89.54877282731913,-1.72702784415633
-1,87.8217449831628,-1.4545809982538447
-1,86.36716398490896,-1.274930450875877
0,85.09223353403307,0.5307910946388924
1,85.62302462867198,2.175181416971329
1,87.7982060456433,1.8143317537325054
1,89.6125377993758,1.776459623850053
1,91.38899742322585,1.6350348555584058
1,93.02403227878426,1.4349808409020275
282,94.45901311968629,14.241696318693181
278,108.70070943837946,14.305816342011628
270,123.00652578039109,14.28157095121168
259,137.28809673160276,8.722097633493531
247,146.01019436509628,4.999937554777932
234,151.01013191987423,4.999948107611817
221,156.01008002748605,4.99994152134255
207,161.01002154882858,4.999939940782939
193,166.00996148961153,4.999954509501181
179,171.00991599911274,4.61678915760243
165,175.62670515671516,2.8700759097854576
151,178.49678106650063,1.715476772953025
137,180.21225783945366,0.9661646899796866
123,181.17842252943336,0.5156672293283886
109,181.69408975876172,0.26501101766320334
95,181.95910077642492,0.13319943640154613
81,182.09230021282644,0.06602274463941661
67,182.15832295746588,0.032566622753721006
53,182.19088958021962,0.016022812208668444
39,182.2069123924283,-2.49373016963868
25,179.71318222278958,-9.980908801783439
11,169.73227342100614,-4.999920940231197
-3,164.73235248077495,-15.992443518723709
-15,148.73990896205123,-24.766074097377647
-23,123.97383486467359,-14.270166481625239
-28,109.70366838304834,-14.25716883116891
-29,95.44649955187943,-14.205340507798603
-27,81.24115904408083,-8.146843019489825
-23,73.09431602459101,-4.9999475255539485
-18,68.09436849903706,-4.999946403176348
-12,63.09442209586071,-4.999942693409743
-5,58.094479402450965,0.5502980440261809
2,58.64477744647715,7.981595162070982
7,66.62637260854814,11.98710701929138
9,78.61347962783951,13.48211592665979
9,92.09559555449931,11.087900757094515
6,103.18349631159381,0.08095407876042368
3,103.26445039035424,-2.307669804145162
1,100.95678058620906,-4.696891712472752
-437,96.25988887373632,-17.26407149667553
-435,78.99581737706079,-14.239991577641245
-429,64.75582579941954,-14.324529674947138
-420,50.431296124472404,-12.320679640525805
-409,38.1106164839466,-4.999921430159893
-397,33.110695053786706,-4.9999302516632715
-384,28.11076480212343,-4.9999366557733165
-371,23.11082814635012,-4.999942106762337
-357,18.110886039587783,-4.999947477084262
-343,13.11093856250352,-4.999953592401326
-329,8.110984970102194,-4.316669629993534
-315,3.7943153401086605,-2.74606126479327
-301,1.0482540753153908,-1.664617009281472
-287,-0.6163629339660812,-0.9437460117497213
-273,-1.5601089457158024,-0.50354562098868
-259,-2.0636545667044826,-0.2573145175763629
-245,-2.3209690842808457,-0.12804639527213904
-231,-2.4490154795529846,-0.06299126208281887
-217,-2.5120067416358034,-0.030686912381885673
-203,-2.5426936540176888,-0.014852768140854868
-189,-2.5575464221585436,-0.007178656647738103
-175,-2.564725078806282,-0.003467200815038219
-161,-2.5681922796213197,-0.0016740548387797994
-147,-2.5698663344601,-8.081467561036294E-4
-133,-2.5706744812162037,-3.901008694444463E-4
-119,-2.571064582085648,-1.8829866903273307E-4
-105,-2.571252880754681,-9.088865747052549E-5
-91,-2.571343769412151,-4.3870068875931764E-5
-77,-2.5713876394810273,-2.1175082195829566E-5
-63,-2.571408814563224,-1.0220708579006698E-5
-49,-2.5714190352718025,-4.933288092366447E-6
-35,-2.5714239685598947,8.660047601351874
-21,6.08862363279198,6.97363535252889
-7,13.06225898532087,10.290246482337938
6,23.35250546765881,17.762693425827376
17,41.11519889348619,23.941682049505328
23,65.05688094299151,14.320329559341397
25,79.37721050233291,14.234696640416793
25,93.61190714274971,12.740341239112444
21,106.35224838186214,4.999934761951726
16,111.35218314381387,4.999938033703621
10,116.35212117751749,4.999950114834666
3,121.35207129235216,-2.471984318099952
-135,118.88008697425221,-24.913415574131115
-136,93.9666714001211,-16.07347570548427
-133,77.89319569463684,-14.254712663858745
-127,63.63848303077809,-14.316608023264589
-118,49.321875007513505,-11.55540682271852
-107,37.76646818479498,-4.999946927532598
-95,32.76652125726238,-4.999945147813384
-82,27.766576109448998,-4.99994385292924
-69,22.766632256519763,-4.999953161592501
-55,17.766679094927262,-4.9998857142857105
-41,12.76679338064155,-4.999853658536591
-27,7.766939722104958,6.150363839979498
-13,13.917303562084456,4.999935848248545
1,18.917239410333003,14.874525645927179
13,33.79176505626018,24.535900136558265
20,58.32766519281844,14.254686340476296
24,72.58235153329474,14.311141363636422
24,86.89349289693116,14.28428257614241
22,101.17777547307358,4.999945242710589
18,106.17772071578418,4.9999508941475925
13,111.17767160993175,4.999935848248545
7,116.1776074581803,0.8660356900104705
1,117.04364314819077,-4.74517583422066
-4,112.29846731397011,-10.019184040269108
-7,102.27928327370101,-11.987107019291297
-7,90.29217625440971,-9.255149941713997
-5,81.0370263126957,-2.014200162502794
-3,79.02282615019291,2.248133195365575
-1,81.2709593455585,1.097032463592371
0,82.36799180915088,1.0723140615796638
1,83.44030587073053,2.6786310646374907
2,86.11893693536803,3.8696917030513522
2,89.98862863841939,3.4761340003943424
2,93.46476263881372,2.9475277834110973
1,96.41229042222481,1.1399834633963202
91,97.55227388562113,14.17392535708802
86,111.72619924270917,14.325207710082084
78,126.05140695279124,14.243037239376859
67,140.29444419216813,4.9999515112665724
55,145.29439570343467,4.999885714285713
42,150.29428141772038,4.999967532467527
29,155.2942489501879,-4.999928449692157
16,150.29432050049573,-4.99994193448905
4,145.2943785660067,-12.153803526062267
-6,133.14057503994442,-12.810737009195194
-13,120.32983803074924,-14.2894629280023
-17,106.04037510274695,-14.281647640513068
-17,91.75872746223386,-14.005387700300155
-14,77.75333976193373,-4.999938997503435
-10,72.7534007644303,-4.999950114834659
-5,67.75345064959562,0.5502980440261809
0,68.3037486936218,5.757189972389783
-226,74.06093866601158,-14.298276303086427
-219,59.76266236292514,-14.274706773893351
-209,45.48795558903179,-5.997923260574624
-198,39.490032328457175,-4.9999223930483
-186,34.49010993540887,-4.999930635221139
-173,29.49017930018773,-4.999936333623834
-160,24.490242966563898,-4.999940986283458
-146,19.490301980280435,-4.999945392564569
-132,14.490356587715866,-4.9999502134815375
-118,9.490406374234329,-4.81431705853833
-104,4.676089315695998,-3.0746766325640054
-90,1.6014126831319926,-1.891628824242008
-76,-0.2902161411100156,-1.0900973521309678
-62,-1.3803134932409835,-0.5894602983023907
-48,-1.969773791543374,-0.3039277339867051
-34,-2.273701525530079,8.983015272216464
-20,6.709313746686385,6.671858659370496
-6,13.381172406056882,11.124870027867116
7,24.506042433923998,18.657172503242354
17,43.16321493716635,23.749187215300832
22,66.91240215246718,14.32730578512399
24,81.23970793759118,14.207609718910964
23,95.44731765650212,11.967486188968183
19,107.4148038454703,4.999948907734818
14,112.41475275320512,4.999931297510521
8,117.41468405071564,1.882804852096194
1,119.29748890281184,-4.7418413770576695
-5,114.55564752575417,-10.612553326509062
-8,103.94309419924511,-12.722925965311267
-8,91.22016823393385,-10.638268564159352
-6,80.58189966977449,-1.5528273527287364
-4,79.02907231704576,0.9453884608791889
-2,79.97446077792495,3.4595952524984512
-1,83.43405603042339,-0.9666472440396515
0,82.46740878638374,1.0471434402295603
1,83.5145522266133,2.6597084800259307
2,86.17426070663923,3.8573571027489466
2,90.0316178093882,3.4672961644536304
2,93.49891397384181,2.945198185476432
1,96.44411215931825,1.1378936479580881
155,97.58200580727633,14.174347735979998
150,111.75635354325632,14.325349752191379
142,126.08170329544771,14.24262815111932
131,140.32433144656702,4.99990877557308
119,145.3242402221401,4.999920655313332
106,150.32416087745344,4.999946626420281
93,155.32410750387373,4.999942570433745
79,160.32405007430745,4.999948190870691
65,165.32399826517818,4.999937025674145
51,170.3239352908523,4.850173103592771
37,175.1741083944451,-4.942125191450646
23,170.23198320299446,-5.129119217370643
9,165.1028639856238,-7.465916878431979
-4,157.63694710719182,-16.66121267063001
-15,140.9757344365618,-24.00742935090008
-21,116.96830508566173,-14.32953954902494
-24,102.63876553663677,-14.243233864653712
-24,88.39553167198305,-13.208637564476346
-21,75.18689410750672,-4.999927416823459
-16,70.18696669068326,-4.999938033703616
-10,65.18702865697965,-4.999950114834659
367,60.18707854214498,24.58508668355916
368,84.77216522570414,16.816753870595427
365,101.58891909629956,14.229971940222033
359,115.81889103652162,14.332674552543722
350,130.15156558906534,14.121531085084467
338,144.27309667414983,4.9999244598159995
326,149.2730211339658,4.999950996628828
313,154.27297213059464,4.999941786812049
299,159.2729139174067,4.999936751142982
285,164.27285066854967,4.999942800755383
271,169.27279346930504,4.999944278334664
257,174.2727377476397,3.3886012240496166
243,177.66133897168936,2.062167069254217
229,179.72350604094353,1.18566441828439
215,180.90917045922794,0.643563695832315
201,181.55273415506025,0.3345818048844077
187,181.88731595994466,0.16916436922977698
173,182.0564803291744,0.08413223566654657
159,182.14061256484098,0.041551890256574256
145,182.18216445509756,0.02045787807132251
131,182.20262233316888,0.01004641190156645
117,182.21266874507043,0.004898153111081068
103,182.21756689818153,0.0023871304968544668
89,182.21995402867842,0.0011631436025651214
75,182.22111717228094,5.666935631454854E-4
61,182.2216838658441,2.7608489232065796E-4
47,182.2219599507364,1.3450145330076992E-4
33,182.2220944521897,-9.577575572799526
19,172.6445188793902,-6.414600007899504
5,166.2299188714907,-11.704366532625933
-8,154.52555233886474,-19.984666666666662
-18,134.54088567219807,-16.708226985462346
-25,117.83265868673575,-14.300029090909135
-28,103.53262959582662,-14.254037071339056
-28,89.27859252448756,-13.237888077094613
-25,76.04070444739295,-4.9999306038916735
-21,71.04077384350128,-4.999936781589492
-15,66.04083706191179,-4.99992882926704
-8,61.04090823264475,-1.8828048520961806
-1,59.158103380548575,4.721775603884303
5,63.87987898443287,10.612553326509062
9,74.49243231094194,13.48211592665979
9,87.97454823760172,12.301045361960053
7,100.27559359956177,0.8660356900104705
5,101.14162928957225,-0.5502980440261839
3,100.59133124554607,-2.1123514021772407
1,98.47897984336883,-0.3771563741397905
-1,98.10182346922903,-3.039060983649841
-2,95.0627624855792,-4.126987819010186
-2,90.93577466656902,-3.613923122460479
-2,87.32185154410853,-2.9173742806125467
-1,84.40447726349599,-1.0783588732144576
0,83.32611839028151,0.8374931286606512
1,84.16361151894216,2.493810149090389
1,86.65742166803255,1.9865419367513144
1,88.64396360478386,1.7839034666430622
462,90.42786707142692,14.949530144888293
459,105.37739721631522,14.274773711139668
452,119.65217092745488,14.313913067041184
442,133.96608399449607,12.125042676930413
430,146.09112667142648,4.999945079950358
417,151.09107175137683,4.9999347055380525
404,156.0910064569149,4.999944290542781
390,161.09095074745767,4.999931716317958
376,166.09088246377564,4.999938133398164
362,171.0908205971738,4.586417944069055
348,175.67723854124287,2.8504491907792535
334,178.52768773202214,1.702512508777736
320,180.23020024079986,0.9579910274068486
306,181.18819126820668,0.5109861999995908
292,181.6991774682063,0.2624923223617543
278,181.96166979056807,0.13190806180586379
264,182.09357785237393,0.0653762020287318
250,182.15895405440267,0.0322462887039415
236,182.1912003431066,0.0158648117832524
222,182.20706515488982,0.007770030890607764
208,182.21483518578046,0.003787613122483398
194,182.21862279890294,0.0018457424707601098
180,182.22046854137372,8.993103699350074E-4
166,182.22136785174365,4.381425595640407E-4
152,182.2218059943032,2.134545259587867E-4
138,182.22201944882914,1.0398903338365845E-4
124,182.22212343786254,5.066008771897422E-5
110,182.22217409795024,2.4679848733939295E-5
96,182.22219877779892,1.2023146916057075E-5
82,182.22221080094587,5.857244798981316E-6
68,182.22221665819066,2.85343764261E-6
54,182.22221951162834,1.3900911778026324E-6
40,182.22222090171948,4.0142209177071347E-16
26,182.22222090171948,-11.337517885347001
12,170.8847030163725,-5.486237619517408
-2,165.39846539685507,-15.443908416341484
-14,149.9545569805136,-24.766803899219113
-22,125.18775308129446,-14.254733643446931
-27,110.93301943784753,-14.272866386946385
-28,96.66015305090114,-14.160555744347574
-27,82.49959730655358,-10.079539774053767
-23,72.42005753249981,-4.99994142369036
-18,67.42011610880945,-4.999946403176348
-12,62.420169705633114,-4.999942693409743
-4,57.420227012223364,0.9571987892170452
3,58.37742580144041,9.031919556070529
8,67.40934535751093,12.722925965311179
10,80.13227132282212,14.223955914033887
9,94.356227236856,10.713885484895185
6,105.07011272175119,0.08095407876042368
3,105.15106680051159,-2.4097438595873717
0,102.74132294092422,-5.864141000098826
-1,96.87718194082538,-2.694760198768188
-2,94.1824217420572,-3.896787000523504
-2,90.28563474153371,-3.4778108192464363
-2,86.80782392228727,-2.867296607274653
-1,83.94052731501263,-1.0382076364429138
0,82.90231967856971,0.939173224379669
1,83.84149290294937,2.5751747972429437
1,86.41666770019232,2.0282725352981514
1,88.44494023549046,1.7893579075162689
1,90.23429814300674,1.776459623850053
1,92.01075776685678,1.551585167904247
1,93.56234293476103,1.3778553744578932
0,94.94019830921893,-0.4451745777454467
-1,94.49502373147348,-2.132561657446076
-1,92.3624620740274,-1.8191416076276223
-297,90.54332046639979,-15.119939038989353
-294,75.42338142741043,-14.284263958210367
-287,61.139117469200066,-14.291840392344913
-277,46.84727707685516,-8.367878209993524
-266,38.47939886686163,-4.999893980743284
-254,33.47950488611834,-4.999924266625271
-241,28.47958061949307,-4.9999386610107655
-228,23.479641958482308,-4.999943058319198
-214,18.479698900163108,-4.999939102798066
-200,13.479759797365041,-4.99992579469221
-186,8.479834002672833,-4.449317631324383
-172,4.03051637134845,-2.834762355663144
-158,1.1957540156853061,-1.725812186723758
-144,-0.5300581710384519,-0.9828361279368026
-130,-1.5128942989752547,-0.5261875975657355
-116,-2.0390818965409903,-0.2695384383776082
-102,-2.3086203349185985,-0.13429568377981244
-88,-2.442916018698411,-0.06610102854209496
-74,-2.509017047240506,-0.03222804467421494
-60,-2.5412450919147207,-0.015600852143849448
-46,-2.55684594405857,-0.007540729006993812
-32,-2.5643866730655636,10.141931465196974
-18,7.57754479213141,6.2445148097365974
-4,13.822059601868009,12.153803526062365
9,25.975863127930374,21.776111017519852
19,47.75197414545023,18.785972421693298
24,66.53794656714352,14.311141363636422
26,80.84908793077996,14.213463802338488
25,95.06255173311844,12.159419020183474
21,107.2219707533019,4.9999286927526425
16,112.22189944605456,4.999938033703621
-317,117.22183747975816,-24.982227124262497
-317,92.23961035549567,-15.533604891845533
-314,76.70600546365014,-14.269533829600219
-308,62.43647163404992,-14.305800662918127
-298,48.1306709711318,-10.191933678972829
-287,37.93873729215897,-4.999909692277296
-275,32.93882759988168,-4.999933021788385
-262,27.93889457809329,-4.9999427234877
-249,22.93895185460559,-4.999943262140052
-235,17.939008592465534,-4.999935500002349
-221,12.939073092463186,-4.999919693120881
-207,7.939153399342306,-4.2551350957461995
-193,3.6840183035961065,-2.7045930108097775
-179,0.9794252927863286,-1.6360386984931576
-165,-0.6566134057068291,-0.9254620592342915
-151,-1.5820754649411206,-0.492996763150404
-137,-2.0750722280915244,-0.2516290686505387
-123,-2.326701296742063,-0.12514401387685717
-109,-2.45184531061892,-0.061548121160081515
-95,-2.5133934317790017,-0.029972007629019543
-81,-2.543365439408021,-0.014505815033060292
-67,-2.5578712544410815,-0.007010748007279025
-53,-2.564882002448361,-0.0033860518695377753
-39,-2.568268054317899,2.4937301696387055
-25,-0.07453788467919331,9.982871207084099
-11,9.908333322404905,5.048907378287662
3,14.957240700692568,15.972180703957806
15,30.929421404650373,24.71619469045301
23,55.645616095103385,14.212191153071565
28,69.85780724817495,14.257168831168912
29,84.11497607934386,14.18805710153995
27,98.30303318088382,9.142991461766515
23,107.44602464265034,4.999935953290501
18,112.44596059594083,4.999946873209441
-21,117.44590746915027,-14.327555749159252
-24,103.11835171999104,-14.249088046819233
-24,88.8692636731718,-13.314065976137075
-21,75.55519769703474,-4.999945168047114
-17,70.55525252898762,-4.999945640343072
-11,65.55530688864454,-4.9999521244763585
-4,60.55535476416818,1.0824569905500359
3,61.63781175471823,8.83105753279355
8,70.46886928751178,12.722925965311179
9,83.19179525282296,12.353841518611203
8,95.54563677143415,8.712838934471705
5,104.25847570590585,-0.5502980440261839
2,103.70817766187969,-3.547233071169899
0,100.16094459070978,-5.9252848219191225
-1,94.23565976879065,-2.083249870688153
-1,92.15240989810252,-1.8096932983262268
-1,90.3427165997763,-1.7764596238500656
-1,88.56625697592622,-1.558912084438346
-1,87.00734489148789,-1.350148109730268
0,85.6571967817576,0.4467699188836776
1,86.10396670064128,2.0843208673601685
1,88.18828756800144,1.7979075149953427
1,89.9861950829968,1.776459623850053
1,91.76265470684685,1.5837422304572695
1,93.3463969373041,1.400259653483415
0,94.74665659078754,-0.41765600923882334
-1,94.3290005815487,-2.1007647521814468
-1,92.22823582936725,-1.8129685446764232
-1,90.41526728469083,-1.7764596238500656
-1,88.63880766084078,-1.5699276346569486
-1,87.06888002618383,-1.357708174097065
0,85.71117185208678,0.4388692139220101
1,86.15004106600878,2.0759486701833088
1,88.22598973619209,1.7965567383624064
-394,90.02254647455449,-15.00207651375609
-391,75.02046996079841,-14.288588981708857
-384,60.73188097908955,-14.28700099013017
-374,46.444879988959386,-7.720760825470024
-363,38.72411916348936,-4.999896380783665
-351,33.724222782705695,-4.999915440738913
-338,28.724307341966785,-4.999930035445568
-325,23.72437730652122,-4.999941469714475
-311,18.72443583680674,-4.999944301869129
-297,13.724491534937611,-4.999938633479319
-283,8.724552901458294,-4.537425037163068
-269,4.187127864295226,-2.8933699526699375
-255,1.2937579116252877,-1.7661550269015194
-241,-0.4723971152762317,-1.0086755785272103
-227,-1.4810726938034418,-0.5414184651862176
-213,-2.0224911589896597,-0.27778234202850577
-199,-2.300273501018166,-0.1385172376857731
-185,-2.438790738703939,-0.06820365260281495
-171,-2.506994391306754,-0.03327053353334056
-157,-2.5402649248400944,-0.016107005892041195
-143,-2.5563719307321353,-0.007785734832934572
-129,-2.56415766556507,-0.0037606174591584365
-115,-2.567918283024228,-0.0018157720105568356
-101,-2.5697340550347856,-8.765716361386865E-4
-87,-2.5706106266709243,-4.231328804780503E-4
-73,-2.571033759551402,-2.0424357263738318E-4
-59,-2.5712380031240394,-9.858514066959493E-5
-45,-2.5713365882647095,-4.758503458633729E-5
-31,-2.5713841732992955,10.717081413346614
-17,8.145697240047319,5.960582129551404
-3,14.106279369598724,12.790949195404867
10,26.89722856500359,24.371420620024377
19,51.268649185027975,15.537566681195603
24,66.80621586622357,14.311141363636422
26,81.11735722986,14.209472433228232
25,95.32682966308822,12.029821590878946
21,107.35665125396719,4.999945838248695
16,112.35659709221586,4.999938033703621
10,117.3565351259195,4.999950114834666
2,122.35648524075417,-3.624823102627708
-5,118.73166213812645,-10.612553326509062
-9,108.11910881161741,-13.482115926659837
-10,94.63699288495755,-14.235443136113249
-8,80.4015497488443,-2.971958253988879
-5,77.42959149485542,0.5502980440261809
-2,77.97988953888161,3.5404515739883635
0,81.52034111286997,1.588660637986153
1,83.10900175085612,2.764328184633596
2,85.87332993548972,3.9262286666345148
2,89.79955860212422,3.5153735210101114
2,93.31493212313434,2.9580926438277375
1,96.27302476696207,1.1494229008817114
0,97.42244766784378,-0.9018523771719126
-1,96.52059529067186,-2.6001272878766373
-2,93.92046800279523,-3.840756949491416
-2,90.07971105330382,-3.431488950878897
-2,86.64822210242492,-2.8537582556575156
-1,83.79446384676741,-1.0259690657234062
0,82.768494781044,0.9720355312697717
1,83.74053031231378,2.601646897274435
1,86.34217720958823,2.0414196229528496
1,88.38359683254107,1.791232576716497
76,90.17482940925757,15.011814847759153
73,105.18664425701672,14.272725911163311
66,119.45937016818002,14.292528409090947
56,133.75189857727096,12.268211473536333
44,146.02011005080732,4.999881006864972
31,151.01999105767226,-4.530699227577851
19,146.4892918300944,-4.9999540198003345
8,141.48933781029407,-9.288925461657358
-2,132.2004123486367,-9.935835599319828
-10,122.26457674931687,-14.251672827120148
-14,108.01290392219673,-14.300029090909135
-14,93.71287483128762,-14.266361612202
-12,79.4465132190856,-4.999959160941905
-8,74.44655405814372,-1.8828048520961806
-4,72.56374920604753,1.0824569905500359
0,73.64620619659757,5.786332208551949
2,79.43253840514951,8.12300538495047
2,87.55554379009999,3.6527659253438163
2,91.20830971544382,3.2338413449191172
-177,94.44215106036293,-16.260590192453616
-174,78.18156086790931,-14.250935731308731
-168,63.93062513660058,-14.31888674780375
-159,49.61173838879683,-11.776335695680238
-148,37.83540269311659,-4.999921064100475
-136,32.835481629016115,-4.999930092659483
-123,27.835551536356636,-4.999936708819884
-110,22.83561482753675,-4.99994238655263
-96,17.835672440984123,-4.99994802441601
-82,12.835724416568112,-4.9999544962271525
-68,7.835769920340959,-4.218053025055575
-54,3.6177168952853846,-2.679531112241475
-40,0.9381857830439099,-0.48391868435524754
-26,0.45426709868866233,9.7126724828646
-12,10.166939581553262,4.9999124693100825
2,15.166852050863344,15.402965240652243
14,30.569817291515587,24.73320378043324
22,55.30302107194882,14.206343417859717
27,69.50936448980855,14.272866386946363
28,83.7822308767549,14.174464482728375
26,97.95669535948326,9.68279219302462
22,107.63948755250789,4.999954646178044
17,112.63944219868594,4.99994564034308
11,117.63938783902903,4.999952124476363
3,122.63933996350539,-2.4659161067217745
-4,120.17342385678363,-10.019184040269108
-9,110.15423981651452,-13.482115926659837
-10,96.67212388985467,-14.160760839671827
-9,82.51136305018285,-8.179045727898881
-5,74.33231732228396,0.5502980440261809
-2,74.88261536631013,3.6275085127370796
0,78.51012387904721,5.860778034214433
384,84.37090191326166,17.052700394868797
382,101.42360230813044,14.227814858976046
376,115.6514171671065,14.332926760499262
367,129.98434392760578,14.18364763938176
355,144.16799156698755,4.999938771415972
343,149.16793033840352,4.999930319086437
330,154.16786065749,4.9999433164808815
316,159.16780397397088,4.999944108652684
302,164.16774808262358,4.999944428598906
288,169.16769251122244,4.999912826505925
274,174.16760533772836,3.4285314685879027
260,177.59613680631628,2.0886716465358233
246,179.68480845285208,1.2028137601851965
232,180.88762221303728,0.6536865379087289
218,181.541308750946,0.34015865542988094
204,181.88146740637586,0.17207187986092312
190,182.0535392862368,0.08561768721674101
176,182.13915697345354,0.04229001355691481
162,182.18144698701045,0.020822485714616076
148,182.20226947272508,0.010227185439936008
134,182.21249665816498,0.00498636127654648
120,182.21748301944154,0.0024301360536682134
106,182.21991315549522,0.001184102362714014
92,182.22109725785793,5.769058119113479E-4
78,182.22167416366983,2.8106038000905815E-4
64,182.22195522404982,1.3692543695398234E-4
50,182.2220921494868,6.670581093247667E-5
36,182.22215885529772,-7.915584741353297
22,174.30657411394446,-7.259423292067823
8,167.04715082187664,-9.126773205404724
-5,157.92037761647188,-17.15345817465245
-16,140.76691944181945,-23.982698638715
-22,116.78422080310446,-14.327305785124006
-25,102.45691501798046,-14.240983479533364
-25,88.2159315384471,-13.134160204352508
-22,75.0817713340946,-4.999954747208609
-17,70.081816586886,-4.999945640343072
-11,65.08187094654292,-4.9999521244763585
-4,60.08191882206656,1.0824569905500359
3,61.164375812616605,8.83105753279355
8,69.99543334541015,12.722925965311179
9,82.71835931072134,12.416887979737922
8,95.13524729045925,8.992186410811506
5,104.12743370127076,-0.5502980440261839
2,103.57713565724457,-3.5431488688068917
0,100.03398678843769,-5.928803638177748
-1,94.10518315025993,-2.059092206302126
-1,92.04609094395782,-1.8053293519903117
-1,90.2407615919675,-1.7764596238500656
-1,88.46430196811744,-1.54366477441251
-1,86.92063719370492,-1.3395826227592307
0,85.58105457094571,0.45798626693065725
1,86.03904083787636,2.0962997734543314
1,88.13534061133069,1.7998982669987518
1,89.93523887832944,1.776459623850053
1,91.71169850217949,1.5905606085471118
1,93.3022591107266,1.4048906578310416
0,94.70714976855763,-0.41210487579825644
-1,94.29504489275938,-2.0943351597074695
-1,92.20070973305192,-1.8117406971439078
-1,90.388969035908,-1.7764596238500656
-1,88.61250941205793,-1.5658997669418153
-1,87.04660964511612,-1.3549732034735902
134,85.69163644164253,16.366756933107283
131,102.05839337474981,14.235999163263799
125,116.29439253801362,14.331668385005624
116,130.62606092301925,13.92149571672605
104,144.5475566397453,4.999949918073987
92,149.54750655781928,4.99993575894666
79,154.5474423167659,4.999941690962107
65,159.54738400772803,4.999937025674145
51,164.5473210334022,4.999963833634704
37,169.5472848670369,-0.17905370056931488
23,169.36823116646758,-4.999940060989551
9,164.36829110547802,-7.465916878431979
-4,156.90237422704604,-16.66121267063001
-15,140.24116155641602,-23.919637181454572
-21,116.32152437496146,-14.331599771762187
-24,101.98992460319926,-14.235091134594652
-24,87.75483346860462,-13.052285322694484
-21,74.70254814591014,-4.999940210449415
-16,69.70260793546073,-4.999938033703616
-139,64.7026699017571,-14.324202510052398
-130,50.37846739170471,-12.288759781287794
-119,38.08970761041692,-4.999929515260614
-107,33.089778095156305,-4.999934975014523
-94,28.08984312014179,-4.999938944603557
-81,23.08990417553823,-4.999942328851404
-67,18.089961846686826,-4.999922779922777
-53,13.090039066764048,-4.999919103920343
-39,8.090119962843707,0.061205517556899396
-25,8.151325480400605,5.957739163209558
-11,14.109064643610163,4.999952124476363
3,19.109016768086526,15.972180703957806
